player,Team,Format,matches,Innings,runs,wickets,average,bowling_average,bowling_strike_rate,economy,batting_position,5 wkts,image_url,role,strike_rate,100s,50s
Harshit Rana,India,Test,2,3,7,4,2.33,50.75,67.5,4.51,9,0,"",fast-bowler
Harshit Rana,India,T20,5,4,48,5,48.00,27.80,15.6,10.69,9,0,"",fast-bowler
Harshit Rana,India,Odi,11,11,41,20,20.50,25.55,25.5,6.01,9,0,"https://img1.hscicdn.com/image/upload/f_auto,t_ds_w_1280,q_80/lsci/db/PICTURES/CMS/405500/405504.jpg",fast-bowler,0.0,0.0,0.0
Arshdeep Sing,India,T20,68,67,72,105,7.2,18.59,13.3,8.36,10,0,"",fast-bowler
Arshdeep Sing,India,Odi,14,13,52,6.50,22,24.90,28.2,5.29,9,1,"https://img1.hscicdn.com/image/upload/f_auto,t_ds_w_1280,q_80/lsci/db/PICTURES/CMS/404000/404024.jpg",fast-bowler,0.0,0.0,0.0
Muhammad Sairaj,India,Odi,47,46,55.0,73,7.85,24.67,28.6,5.17,11,1,"https://img1.hscicdn.com/image/upload/f_auto,t_ds_w_1280,q_80/lsci/db/PICTURES/CMS/407600/407683.jpg",fast-bowler,0.0,0.0,0.0
Mitchell Starc,Australia,T20,65,65,98,79,9.8,23.81,18.4,7.74,9,0,"",fast-bowler
Mitchell Starc,Australia,Test,102,196,2411,420,20.60,26.46,46.3,3.42,9,18,"",fast-bowler
Mitchell Starc,Australia,Odi,130,130,583.0,247,11.66,23.58,26.8,5.26,9,9,"https://img1.hscicdn.com/image/upload/f_auto,t_ds_w_1200,q_50/lsci/db/PICTURES/CMS/402700/402778.jpg",fast-bowler,0.0,0.0,0.0
Josh Hazlewood,Australia,Odi,76,143,565,295,11.53,24.21,52.2,2.77,10,13,"",fast-bowler
Josh Hazlewood,Australia,Odi,60,59,29,9.66,79,21.26,17.0,7.47,10,0,"",fast-bowler
Josh Hazlewood,Australia,Odi,95,94,135.0,142,15.0,27.66,35.0,4.73,10,3,"https://img1.hscicdn.com/image/upload/f_auto,t_ds_w_1280,q_80/lsci/db/PICTURES/CMS/405400/405467.png",fast-bowler,0.0,0.0,0.0
Nathan Ellis,Australia,Odi,30,30,30,47,6.00,18.14,13.7,7.92,11,0,"",fast-bowler
Nathan Ellis,Australia,Odi,17,17,106.0,18,13.25,43.27,46.5,5.58,11,0,"https://img1.hscicdn.com/image/upload/f_auto,t_ds_w_1280,q_80/lsci/db/PICTURES/CMS/404400/404422.jpg",fast-bowler,0.0,0.0,0.0
Fazal Haq Farooqui,Afghanistan,T20,51,51,17,63,5.66,19.77,17.1,6.93,10,1,"",fast-bowler
Fazal Haq Farooqui,Afghanistan,Odi,42,42,21.0,52,3.5,33.5,34.1,5.88,11,0,"https://img1.hscicdn.com/image/upload/f_auto,t_ds_w_1200,q_50/lsci/db/PICTURES/CMS/395000/395009.jpg",fast-bowler,0.0,0.0,0.0
Kagiso Rabada,South Africa,Test,73,134,1102,340,12.24,22.03,39.5,3.34,9,17,"",fast-bowler
Kagiso Rabada,South Africa,T20,70,70,184,77,15.33,27.15,19.3,8.42,9,0,"",fast-bowler
Kagiso Rabada,South Africa,Odi,106,104,401.0,168,14.85,27.45,32.4,5.08,10,2,"https://img1.hscicdn.com/image/upload/f_auto,t_ds_w_1200,q_50/lsci/db/PICTURES/CMS/402000/402061.jpg",fast-bowler,0.0,0.0,0.0
Marco Jansen,South Africa,Test,21,38,624,89,23.11,21.12,38.2,3.30,8,4,"",fast-bowler
Marco Jansen,South Africa,T20,19,19,167,18,16.70,32.44,22.7,8.56,9,0,"",fast-bowler
Marco Jansen,South Africa,Odi,32,32,533,49,25.13,33.46,31.9,6.28,8,1,"https://img1.hscicdn.com/image/upload/f_auto,t_ds_w_1200,q_50/lsci/db/PICTURES/CMS/401500/401567.jpg",fast-bowler,0.0,0.0,0.0
Akeal Hossein,Windies,T20,87,83,674,83,17.88,26.14,21.6,7.24,9,1,"",Batsman
Akeal Hossein,Windies,Odi,40,40,290.0,63,14.71,28.07,35.0,4.82,10,9,"https://img1.hscicdn.com/image/upload/f_auto,t_ds_w_1200,q_50/lsci/db/PICTURES/CMS/408100/408152.jpg",left-arm-spinner,0.0,0.0,0.0
Matt Henry,New Zeland,Test,33,65,670,140,17.17,27.13,52.1,3.12,10,6,"",fast-bowler
Matt Henry,New Zeland,T20,34,32,37,43,5.82,22.97,16.0,8.56,10,0,"",fast-bowler
Matt Henry,New Zeland,Odi,95,93,270,172,10.38,24.98,28.7,5.21,10,3,"https://img1.hscicdn.com/image/upload/f_auto,t_ds_w_1200,q_50/lsci/db/PICTURES/CMS/397800/397827.jpg",fast-bowler,0.0,0.0,0.0
Nasum Ahmed,Bangladesh,Odi,20,19,201.0,21,18.27,33.66,46.4,4.34,7,0,"https://img1.hscicdn.com/image/upload/f_auto,t_ds_wide_w_1280,q_70/lsci/db/PICTURES/CMS/408300/408326.6.jpg",lft-arm-off-spinner,0.0,0.0,0.0
Xavier Bartlett,Australia,T20,15,14,18,19,3.60,19.31,15.3,7.54,10,0,"",fast-bowler
Xavier Bartlett,Australia,Odi,5,5,15.0,15,3.75,11.13,16.4,4.05,10,0,"https://img1.hscicdn.com/image/upload/f_auto,t_ds_w_1200,q_50/lsci/db/PICTURES/CMS/393300/393321.jpg",fast-bowler,0.0,0.0,0.0
Adam Zampa,Australia,T20,107,105,69,134,4.60,21.24,17.2,7.37,10,1,"",leg-spinner
Adam Zampa,Australia,Odi,116,116,378.0,196,9.94,28.59,30.8,5.56,11,1,"https://img1.hscicdn.com/image/upload/f_auto,t_ds_w_1200,q_50/lsci/db/PICTURES/CMS/404100/404116.jpg",leg-spinner,0.0,0.0,0.0
Tanvir Islam,Bangladesh,Odi,9,9,42.0,16,7.0,23.18,33.0,4.21,10,1,"https://img1.hscicdn.com/image/upload/f_auto,t_ds_w_1280,q_80/lsci/db/PICTURES/CMS/383600/383624.jpg",left-arm-orthadox,,,
Mustafizur Rehman,Bangladesh,T20,15,25,66,31,4.4,36.74,69.1,3.9,11,0,"",fast-bowler
Mustafizur Rehman,Bangladesh,T20,123,122,110,155,5.5,20.90,17.1,7.29,11,2,"",fast-bowler
Mustafizur Rehman,Bangladesh,Odi,116,114,172.0,177,7.47,27.01,31.3,5.17,11,5,"https://img1.hscicdn.com/image/upload/f_auto,t_ds_w_1200,q_50/lsci/db/PICTURES/CMS/403900/403990.jpg",fast-bowler,,,
Shaheen Shah Afridi,Pakistan,Test,33,56,256,121,7.31,27.91,52.9,3.16,10,4,"",fast-bowler
Shaheen Shah Afridi,Pakistan,T20,94,94,302,122,14.38,21.54,16.7,7.71,9,0,"",fats-bowler
Shaheen Shah Afridi,Pakistan,Odi,67,66,276,132,13.80,24.51,26.0,5.65,9,3,"https://img1.hscicdn.com/image/upload/f_auto,t_ds_w_1200,q_50/lsci/db/PICTURES/CMS/406800/406865.jpg",fats-bowler,,,
Kuldeep Yadav,India,Test,17,32,225,76,11.84,22.42,38.0,3.53,10,5,"",left-arm-wrist-spin
Kuldeep Yadav,India,T20,49,47,47,88,9.40,13.34,11.7,6.83,10,2,"",left-arm-wrist-spin
Kuldeep Yadav,India,Odi,117,114,207,191,9.85,26.29,31.3,5.02,10,2,"https://img1.hscicdn.com/image/upload/f_auto,t_ds_w_1200,q_50/lsci/db/PICTURES/CMS/407600/407672.jpg",left-arm-wrist-spin,,,
Will O'Rourkee,New Zeland,Test,11,20,18,39,3.00,24.28,40.0,3.63,11,2,"",fast-bowler
Will O'Rourkee,New Zeland,T20,7,7,0,7,0.0,26.85,23.1,6.96,11,0,"",fast-bowler
Will O'Rourkee,New Zeland,Odi,17,17,6,22,3.00,36.27,38.3,5.67,11,0,"https://img1.hscicdn.com/image/upload/f_auto,t_ds_w_1200,q_50/lsci/db/PICTURES/CMS/397800/397825.jpg",fast-bowler,,,
Jasprit Bumrah,India,Test,50,95,341,226,6.55,19.83,42.7,2.78,10,15,"",fast-bowler
Jasprit Bumrah,India,T20,79,77,8,99,2,18.11,17.0,6.36,10,0,"",fast-bowler
Jasprit Bumrah,India,Odi,89,88,91.0,149,7.58,23.55,30.7,4.59,10,2,"https://img1.hscicdn.com/image/upload/f_auto,t_ds_w_1280,q_80/lsci/db/PICTURES/CMS/407100/407112.jpg",fast-bowler,,,
Parsidh Krishna,India,Test,6,11,10,22,2.0,34.36,43.6,4.72,11,0,"",fast-bowler	
Parsidh Krishna,India,T20,5,5,0,8,0,27.50,15.0,11.0,11,0,"",fast-bowler
Parsidh Krishna,India,Odi,21,21,2,37,1.00,26.83,26.7,6.02,11,0,"https://img1.hscicdn.com/image/upload/f_auto,t_ds_w_1200,q_50/lsci/db/PICTURES/CMS/404600/404670.jpg",fast-bowler,,,
Varun Chakravarthy,India,T20,28,27,2,45,1.00,15.68,13.6,6.88,11,2,"",spinner
Varun Chakravarthy,India,Odi,4,4,0.0,10,0.0,19.0,24.0,4.75,11,1,"https://img1.hscicdn.com/image/upload/f_auto,t_ds_w_1200,q_50/lsci/db/PICTURES/CMS/406900/406919.jpg",right-arm-myystery-spinner,,,
Abrar Ahmed,Pakistan,Test,10,19,68,46,8.50,34.34,57.1,3.60,11,2,"",spinner
Abrar Ahmed,Pakistan,T20,27,26,4,33,4.00,19.81,17.5,6.78,10,0,"",spinner
Abrar Ahmed,Pakistan,Odi,14,14,28,28,14.00,20.78,28.0,4.44,11,0,"https://img1.hscicdn.com/image/upload/f_auto,t_ds_w_1200,q_50/lsci/db/PICTURES/CMS/405700/405784.jpg",spinner,,,
Tanzim hassan Shakib,Bangladesh,Test,1,1,41,1,41.0,49.00,60.0,4.9,9,0,"",fast-bowler	
Tanzim Hassan Shakib,Bangladesh,T20,38,37,190,44,13.57,25.09,18.2,8.24,9,0,"",fast-bowler
Tanzim hassan Shakib,Bangladesh,Odi,15,15,151.0,24,18.87,27.29,28.4,5.75,11,0,"https://img1.hscicdn.com/image/upload/f_auto,t_ds_w_1200,q_50/lsci/db/PICTURES/CMS/399900/399956.jpg",fast-bowler,,,
Dushmantha Chameera,Srilanka,Test,12,21,104,32,5.47,41.28,63.1,3.91,9,1,"",fast-bowler
Dushmantha Chameera,Srilanka,T20,70	70	1530	2026	78	4/17	4/17	25.97	7.94	19.6,7.94,10,0,"",fast-bowler
Dushmantha Chameera,Srilanka,Odi,58,57,296,65,11.38,35.06,38.3,5.49,9,1,"https://img1.hscicdn.com/image/upload/f_auto,t_ds_w_1200,q_50/lsci/db/PICTURES/CMS/403300/403388.jpg",fast-bowler,,,
Mateesha Pathirana,Srilanka,Odi,12,12,11.0,17,2.2,36.23,29.8,7.27,11,0,"https://img1.hscicdn.com/image/upload/f_auto,t_ds_w_1280,q_80/lsci/db/PICTURES/CMS/385400/385453.jpg",fast-bowler,,,
Josh Little,Ireland,Odi,42,40,81.0,61,8.1,34.34,33.1,6.21,10,1,"https://img1.hscicdn.com/image/upload/f_auto,t_ds_w_1280,q_80/lsci/db/PICTURES/CMS/365700/365760.jpg",fast-bowler,,,
Tod Astle,New Zeland,Odi,9,8,79.0,10,26.33,24.6,27.0,5.46,10,0,"https://img1.hscicdn.com/image/upload/f_auto,t_ds_w_1200,q_50/lsci/db/PICTURES/CMS/299800/299803.jpg",leg-spinner,,,
Rashid Khan,Afghanistan,Test,6,11,154,45,17.11,20.44,41.4,2.96,8,5,"",leg-spinner
Rashid Khan,Afghanistan,T20,108,108,1393,182,19.08,13.69,13.5,6.07,8,2,"",leg-spinner
Rashid Khan,Afghanistan,Odi,117,109,1393.0,210,19.08,19.65,28.0,4.2,8,6,"https://img1.hscicdn.com/image/upload/f_auto,t_ds_w_1200,q_50/lsci/db/PICTURES/CMS/407400/407476.jpg",leg-spineer,,,
Haris Rauf,Pakistan,Odi,50,50,105.0,88,8.07,27.09,27.7,5.06,10,2,"https://img1.hscicdn.com/image/upload/f_auto,t_ds_w_1200,q_50/lsci/db/PICTURES/CMS/406800/406866.jpg",fast-bowler,,,
Muhammad shami,India,Odi,108,107,205.0,206,7.75,24.05,25.8,5.58,10,6,"https://img1.hscicdn.com/image/upload/f_auto,t_ds_w_1280,q_80/lsci/db/PICTURES/CMS/397300/397372.jpg",fast-bowler,,,
Pat Cummins,Australia,Test,71,132,1548,309,16.82,22.10,45.9,2.88,9,14,"",fast-bowler
Pat Cummins,Australia,T20,57,57,158,66,10.53,23.57,19.0,7.44,10,0,"",fast-bowler
Pat Cummins,Australia,Odi,90,90,537.0,143,14.21,28.78,32.7,5.27,9,1,"https://img1.hscicdn.com/image/upload/f_auto,t_ds_w_1200,q_50/lsci/db/PICTURES/CMS/401900/401998.jpg",fast-bowler,,,
Blessing Muzzarabani,Zimbabwe,Odi,57,55,134.0,70,5.15,33.35,38.8,5.15,10,1,"https://img1.hscicdn.com/image/upload/f_auto,t_ds_w_1200,q_50/lsci/db/PICTURES/CMS/399700/399704.jpg",fast-bowler,,,
Mujeeb ur Rehman,Afghanistan,T20,58,58,81,76,11.57,18.26,16.9,6.46,10,1,"",right-arm-mystery-spinner
Mujeeb ur Rehman,Afghanistan,Odi,75,74,236.0,101,9.07,28.34,39.2,4.32,10,1,"https://img1.hscicdn.com/image/upload/f_auto,t_ds_w_1200,q_50/lsci/db/PICTURES/CMS/373800/373830.jpg",right-arm-mystery-spinner,,,
Kehshav Mahraj,South Africa,Test,62,106,1334,218,15.33,29.22,56.4,3.10,10,12,"",left-arm-off-spinner
Kehshav Mahraj,South Africa,T20,39,39,103,38,11.44,25.84,21.1,7.33,10,0,"",left-arm-off-spinner
Kehshav Mahraj,South Africa,Odi,56,55,324,73,14.08,31.12,39.5,4.72,9,1,"https://img1.hscicdn.com/image/upload/f_auto,t_ds_w_1200,q_50/lsci/db/PICTURES/CMS/408100/408150.jpg",left-arm-spinner,,,
Adam Milne,New Zeland,Odi,50,48,180.0,57,12.85,35.56,39.3,5.42,10,0,"https://img1.hscicdn.com/image/upload/f_auto,t_ds_w_1200,q_50/lsci/db/PICTURES/CMS/373900/373980.jpg",fast-bowler,,,
Adil Rashid,England,T20,134,127,155,145,7.38,23.93,19.1,7.48,8,0,"",leg-spinner
Adil Rashid,England,Odi,156,150,961.0,233,16.85,31.55,33.5,5.64,10,2,"https://img1.hscicdn.com/image/upload/f_auto,t_ds_w_1280,q_80/lsci/db/PICTURES/CMS/396400/396465.jpg",leg-spinner,,,
Ben Dawrshius,Australia,T20,12,12,50,20,7.14,21.50,14.1,9.14,10,0,"",fast-bowler
Ben Dawrshius,Australia,Odi,6,6,45.0,11,7.5,24.54,26.7,5.51,10,0,"https://img1.hscicdn.com/image/upload/f_auto,t_ds_wide_w_1280,q_70/lsci/db/PICTURES/CMS/407000/407052.6.jpg",fast-bowler,,,
Kyle Jamieson,New Zeland,T20,23,23,63,21,12.60,35.14,22.9,9.20,10,0,"",fast-bowler
Kyle Jamieson,New Zeland,Test,19,36,432,80,19.63,19.73,44.4,2.66,9,5,"",fast-bowler
Kyle Jamieson,New Zeland,Odi,17,16,92.0,17,23.0,39.47,45.7,5.17,11,0,"https://img1.hscicdn.com/image/upload/f_auto,t_ds_w_1200,q_50/lsci/db/PICTURES/CMS/407100/407106.png",fast-bowler,,,
Jamie Overton,England,Odi,8,7,7.0,120,18.28,30.0,32.0,5.62,8,0,"https://img1.hscicdn.com/image/upload/f_auto,t_ds_w_1200,q_50/lsci/db/PICTURES/CMS/405800/405855.jpg",fast-bowler,,,
Brydon Carse,England,T20,14,13,46,20,9.20,20.60,13.4,9.22,9,0,"",fast-bowler
Brydon Carse,England,Test,11,21,291,45,19.40,29.44,47.4,3.72,9,1,"",fast-bowler
Brydon Carse,England,Odi,28,27,225.0,33,17.3,38.54,36.3,6.37,9,1,"https://img1.hscicdn.com/image/upload/f_auto,t_ds_w_1200,q_50/lsci/db/PICTURES/CMS/408100/408113.jpg",fast-bowler,,,
Luke Wood,England,Odi,3,2,15.0,1,15.0,113.0,108.0,6.27,11,0,"https://img1.hscicdn.com/image/upload/f_auto,t_ds_w_1200,q_50/lsci/db/PICTURES/CMS/401800/401828.jpg",fast-bowler,,,
Zakary Foulkes,New Zeland,T20,17,16,60,18,15.00,26.27,18.1,8.67,8,0,"",fast-bowler
Zakary Foulkes,New Zeland,Test,1,2,0,9,0,8.33,3.00,16.6,10,1,"",fast-bowler
Zakary Foulkes,New Zeland,Odi,4,3,14,7,0,14.42,17.1,5.05,10,0,"https://img1.hscicdn.com/image/upload/f_auto,t_ds_w_1200,q_50/lsci/db/PICTURES/CMS/404800/404831.jpg",fast-bowler
Nathan Smith,New Zeland,Test,4,6,125,10,25.00,39.80,51.8,4.61,8,0,"",fast-bowler
Nathan Smith,New Zeland,Odi,14,14,43,18,6.14,32.50,29.0,6.71,8,0,"https://img1.hscicdn.com/image/upload/f_auto,t_ds_w_1200,q_50/lsci/db/PICTURES/CMS/397100/397110.jpg",fast-bowler
Jacob Duffy,New Zeland,T20,38,36,24,53,6,17.05,13.8,7.36,11,0,"",fast-bowler
Jacob Duffy,New Zeland,Test,3,6,61,16,20.33,17.43,42.8,2.44,11,2,"",fast-bowler
Jacob Duffy,New Zeland,Odi,19,19,12,35,12.00,24.25,24.6,5.90,11,0,"https://img1.hscicdn.com/image/upload/f_auto,t_ds_w_1200,q_50/lsci/db/PICTURES/CMS/399800/399858.jpg",fast-bowler
Mitchell Santner,New Zeland,T20,122,118,1526,130,26.77,22.89,19.3,7.10,8,0,"",left-arm-spinner
Mitchell Santner,New Zeland,Odi,119,113,1465,26.16,127,35.64,44.4,4.80,7,2,"https://img1.hscicdn.com/image/upload/f_auto,t_ds_w_1280,q_80/lsci/db/PICTURES/CMS/407900/407931.jpg",left-arm-spinner
Mitchell Santner,New Zeland,Test,32,54,1025,78,25.83,33.37,71.1,2.81,9,2,"",left-arm-off-spinner	
Haris Rauf,Pakistan,Test,1,1,12,1,6.00,78.00,78.0,6.00,10,0,"",fast-bowler
Haris Rauf,Pakistan,Odi,50,50,88,105,8.07,27.09,27.7,5.86,10,2,"https://img1.hscicdn.com/image/upload/f_auto,t_ds_w_1200,q_50/lsci/db/PICTURES/CMS/406800/406894.jpg",fast-bowler
Haris Rauf,Pakistan,T20,94,92,133,143,8.41,21.10,15.1,8.38,10,0,"",fast-bowler
Naseem Shah,Pakistan,Test,20,33,144,60,7.57,35.13,56.8,3.70,9,1,"",fast-bowler
Naseem Shah,Pakistan,Odi,34,33,224,60,22.40,25.91,28.3,5.48,10,2,"https://img1.hscicdn.com/image/upload/f_auto,t_ds_w_1200,q_50/lsci/db/PICTURES/CMS/397100/397123.jpg",fast-bowler
Naseem Shah,Pakistan,T20,34,33,61,30,7.62,33.16,24.4,8.14,10,0,"",fast-bowler
Muhammad Wasim jr,Pakistan,Test,2,4,55,2,18.33,115.50,179.0,3.87,9,0,"",fast-bowler
Muhammad Wasim jr,Pakistan,Odi,25,25,93,41,10.33,27.46,30.1,5.45,10,0,"https://img1.hscicdn.com/image/upload/f_auto,t_ds_w_1200,q_50/lsci/db/PICTURES/CMS/370300/370342.jpg",fast-bowler
Muhammad Wasim jr,Pakistan,T20,34,34,53,42,13.25,21.50,15.6,8.24,9,0,"",fast-bowler
Ottneil Baartman,South Africa,Odi,6,6,16,8,16.00,27.62,31.5,5.26,11,0,"https://img1.hscicdn.com/image/upload/f_auto,t_ds_w_1200,q_50/lsci/db/PICTURES/CMS/383400/383456.jpg",fast-bowler
Ottneil Baartman,South Africa,T20,14,14,17,13,4.33,22.23,16.5,8.04,10,0,"",fast-bowler
Nandre Berger,South Africa,Test,3,6,33,14,8.25,16.92,26.8,3.78,11,0,"",fast-bowler
Nandre Berger,South Africa,Odi,14,14,41,22,13.66,30.50,29.9,6.10,11,0,"https://img1.hscicdn.com/image/upload/f_auto,t_ds_w_1200,q_50/lsci/db/PICTURES/CMS/386100/386182.jpg",fast-bowler
Nandre Berger,South Africa,T20,8,8,10,6,5.00,39.83,29.0,8.24,10,0,"",fast-bowler
Bjorn Fortuine,South Africa,Odi,13,12,74,16,9.35,30.81,37.6,4.91,9,0,"",left-arm-off-spinner
Bjorn Fortuine,South Africa,Odi,27,27,127,23,12.70,28.26,20.8,8.12,9,0,"",left-arm-off-spinner
Lungi Nigdi,South Africa,Test,20,35,19,58,4.87,23.37,44.4,3.15,10,3,"",fast-bowler
Lungi Nigdi,South Africa,Odi,75,74,126,115,9.00,29.13,30.0,5.80,10,2,"",fast-bowler
Lungi Nigdi,South Africa,T20,52,52,48,71,10.41,21.84,8.89,14.7,2,1,"https://img1.hscicdn.com/image/upload/f_auto,t_ds_w_1200,q_50/lsci/db/PICTURES/CMS/401700/401770.jpg",fast-bowler
Nqabayomzi Peter,South Africa,Odi,2,2,5,3,5.00,30.00,30.0,6.00,10,0,"",leg-spinner
Nqabayomzi Peter,South Africa,T20,12,12,29,9,14.5,36.00,23.3,9.25,10,0,"https://img1.hscicdn.com/image/upload/f_auto,t_ds_w_1200,q_50/lsci/db/PICTURES/CMS/390700/390757.jpg",leg-spinner
Lizzad Williams,South Africa,Test,2,2,25,3,8.33,35.00,61.6,3.40,11,0,"",fast-bowler
Lizzad Williams,South Africa,Odi,8,8,18,16,4.50,24.87,25.3,5.88,11,0,"https://img1.hscicdn.com/image/upload/f_auto,t_ds_w_1200,q_50/lsci/db/PICTURES/CMS/372800/372803.jpg",fast-bowler
Lizzad Williams,South Africa,T20,20,19,14,24,2.33,25.95,16.2,9.60,11,0,"",fast-bowler
Sean Abbot,Australia,Odi,29,29,374,35,19.68,36.31,38.0,5.72,10,0,"https://img1.hscicdn.com/image/upload/f_auto,t_ds_w_1200,q_50/lsci/db/PICTURES/CMS/397400/397407.jpg",fast-bowler
Sean Abbot,Australia,Odi,28,27,50,33,8.33,24.90,16.1,9.27,10,0,"",fast-bowler
Jason Holder,Windies,Test,69,122,3073,162,29.83,30.39,69.7,2.61,9,8,"",fast-bowler
Jason Holder,Windies,Odi,138,134,2237,159,24.85,36.96,40.2,5.5,9,2,"https://img1.hscicdn.com/image/upload/f_auto,t_ds_w_1200,q_50/lsci/db/PICTURES/CMS/405100/405134.jpg",fast-bowler	
Jason Holder,Windies,T20,86,82,746,97,17.34,26.87,18.7,8.58,9,1,"",fast-bowler
Roamrio Sephered,Windies,T20,68,64,723,73,24.93,27.83,16.6,10.00,8,0,"",fast-bowler
Roamrio Sephered,Windies,Odi,40,38,407,34,16.28,40.88,44.7,5.47,7,0,"https://img1.hscicdn.com/image/upload/f_auto,t_ds_wide_w_1280,q_70/lsci/db/PICTURES/CMS/408000/408011.6.jpg",fast-bowler
Jofra Archer,England,Test,18,34,268,60,10.72,30.10,60.3,2.99,10,4,"",fast-bowler
Jofra Archer,England,T20,35,35,82,44,11.71,23.34,17.5,7.98,10,10,"https://img1.hscicdn.com/image/upload/f_auto,t_ds_w_1200,q_50/lsci/db/PICTURES/CMS/408500/408544.jpg",fast-bowler
Jofra Archer,England,Odi,36,36,207,65,18.81,24.38,29.1,5.01,10,10,"",fast-bowler
Bjorn Fortuin,South Africa,Odi,14,13,74,17,8.22,31.23,38.9,4.81,8,0,"",fast-bowler
Bjorn Fortuin,South Africa,T20,27,27,127,23,12.70,28.26,20.8,8.12,8,0,"https://img1.hscicdn.com/image/upload/f_auto,t_ds_w_1200,q_50/lsci/db/PICTURES/CMS/393300/393345.jpg",fast-bowler
Jaydean Seals,Windies,Test,25,47,220,93,8.80,24.96,43.8,3.41,10,3,"",fast-bowler
Jaydean Seals,Windies,Odi,29,28,56,40,9.33,30.07,30.7,5.86,10,1,"https://img1.hscicdn.com/image/upload/f_auto,t_ds_w_1200,q_50/lsci/db/PICTURES/CMS/403600/403629.jpg",fast-bowler
Jaydean Seals,Windies,T20,6,6,4,6,4.00,35.66,21.0,10.19,10,0,"",fast-bowler
Mathew Forde,Windies,Odi,13,12,172,17,21.50,32.41,31.5,6.15,10,0,"https://img1.hscicdn.com/image/upload/f_auto,t_ds_w_1200,q_50/lsci/db/PICTURES/CMS/372300/372396.jpg",fast-bowler
Mathew Forde,Windies,T20,13,12,84,12,14.00,28.50,19.7,8.65,10,0,"",fast-bowler
Ish Sodh,New Zeland,Odi,54,50,210,64,9.54,36.71,39.9,5.51,8,1,"https://img1.hscicdn.com/image/upload/f_auto,t_ds_w_1200,q_50/lsci/db/PICTURES/CMS/383000/383057.jpg",leg-spinner
Ish Sodh,New Zeland,T20,132,126,208,157,7.70,22.34,16.7,7.98,10,0,"",leg-spinner
Ish Sodh,New Zeland,Test,21,38,561,58,20.77,43.10,69.7,3.71,8,1,"",leg-spinner
Noor Ahmed,Afghanistan,Odi,13,13,46,10,9.20,64.40,63.5,6.08,10,0,"https://img1.hscicdn.com/image/upload/f_auto,t_ds_w_1200,q_50/lsci/db/PICTURES/CMS/396600/396612.jpg",left-arm-wrist-spin
Noor Ahmed,Afghanistan,T20,22,21,70,18,7.77,25.61,23.0,6.68,10,0,"",left-arm-wrist-spin
AM Ghanzafar, Afghanistan,Odi,14,14,59,23,11.80,16.78,23.7,4.23,11,2,"https://img1.hscicdn.com/image/upload/f_auto,t_ds_w_1200,q_50/lsci/db/PICTURES/CMS/393400/393460.jpg",right-arm-mystrey-spin
AM Ghanzafar, Afghanistan,Odi,4,4,7,1,7.00,87.00,72.0,7.25,10,0,"",right-arm-mystrey-spin
Dushmantha Chameera,Srilanka,Test,12,21,104,32,5.47,41.28,63.1,3.91,10,1,"",fast-bowler
Dushmantha Chameera,Srilanka,Odi,56,55,289,63,12.04,34.25,37.6,5.46,10,1,"https://img1.hscicdn.com/image/upload/f_auto,t_ds_w_1200,q_50/lsci/db/PICTURES/CMS/403300/403388.jpg",fast-bowler
Dushmantha Chameera,Srilanka,T20,64,64,102,70,6.00,26.70,19.9,8.04,10,0,"",fast-bowler
Romario Shepherd,Windies,T20,71,66,808,75,26.06,27.68,16.6,9.94,8,0,"",fast-bowler 
Romario Shepherd,Windies,Odi,40,38,407,34,16.28,40.88,44.7,5.47,8,0,"",fast-bowler
Simon Harmer,South Africa,Test,12,20,256,52,19.69,26.00,51.1,3.05,8,1,"https://img1.hscicdn.com/image/upload/f_auto,t_ds_wide_w_1280,q_70/lsci/db/PICTURES/CMS/408200/408272.6.jpg",right-arm-off-spineer
Senuran Muthusamy,South Africa,Test,7,12,279,22,46.50,26.50,41.1,3.86,10,2,"",left-arm-off-spineer
Senuran Muthusamy,South Africa,T20,5,5,24,5,6.00,25.60,21.6,7.11,10,0,"",left-arm-off-spineer
Senuran Muthusamy,South Africa,Odi,5,5,22,6,7.33,38.83,36.6,6.35,10,0,"https://img1.hscicdn.com/image/upload/f_auto,t_ds_w_1200,q_50/lsci/db/PICTURES/CMS/407800/407813.jpg",left-arm-off-spineer
Andy Macbrine,Ireland,Odi,96,91,920,91,18.40,38.01,49.7,4.58,7,1,"https://img1.hscicdn.com/image/upload/f_auto,t_ds_w_1280,q_80/lsci/db/PICTURES/CMS/385300/385337.jpg",right-arm-off-break
Andy Macbrine,Ireland,Test,10,15,560,26,35.00,45.57,79.7,3.42,7,1,"",right-arm-off-break
Andy Macbrine,Ireland,T20,32,26,153,23,12.91,21.17,17.7,7.16,7,0,"",right-arm-off-break
Barry McCarthy,Ireland,Test,4,7,73,16,12.16,20.00,40.3,2.97,9,0,"",fast-bowler
Barry McCarthy,Ireland,Odi,48,48,220,81,9.16,29.20,29.6,5.90,9,1,"https://img1.hscicdn.com/image/upload/f_auto,t_ds_w_1200,q_50/lsci/db/PICTURES/CMS/396100/396150.jpg",fast-bowler
Barry McCarthy,Ireland,T20,64,64,299,65,12.45,30.30,21.2,8.56,9,0,"",fast-bowler
Matthew Humphreys,Ireland,Test,5,7,67,15,11.16,37.13,66.4,3.35,10,2,"",right-arm-off-apinner
Matthew Humphreys,Ireland,Odi,6,6,6,1,6.00,211.00,246.0,5.14,10,0,"https://img1.hscicdn.com/image/upload/f_auto,t_ds_w_1200,q_50/lsci/db/PICTURES/CMS/385400/385491.jpg",right-arm-off-apinner
Matthew Humphreys,Ireland,T20,13,13,9,18,3.00,17.22,16.0,6.45,10,0,"",right-arm-off-apinner
Craig Young,Ireland,Test,4,7,17,8,5.66,30.25,56.0,3.24,11,0,"",fast-bowler
Craig Young,Ireland,Odi,48,45,168,81,13.73,25.85,28.3,5.46,11,1,"https://img1.hscicdn.com/image/upload/f_auto,t_ds_w_1200,q_50/lsci/db/PICTURES/CMS/212700/212763.jpg",fast-bowler
Craig Young,Ireland,T20,73,71,82,87,6.83,22.24,16.4,8.12,11,0,"",fast-bowler
Hasan Mahmud,Bangladesh,Test,13,24,158,36,13.16,30.30,51.5,3.52,9,2,"",fast-bowler
Hasan Mahmud,Bangladesh,Odi,26,25,63,33,4.84,35.00,34.2,6.12,9,1,"https://img1.hscicdn.com/image/upload/f_auto,t_ds_w_1200,q_50/lsci/db/PICTURES/CMS/387600/387631.jpg",fast-bowler
Hasan Mahmud,Bangladesh,T20,26,26,50,28,25.00,24.75,19.0,7.78,9,0,"",fast-bowler
Nahid Rana,Bangladesh,Test,10,17,17,27,2.42,41.66,54.2,4.61,10,1,"",fast-bowler
Nahid Rana,Bangladesh,Test,5,5,6,5,-,45.00,52.8,5.11,10,0,"https://img1.hscicdn.com/image/upload/f_auto,t_ds_w_1200,q_50/lsci/db/PICTURES/CMS/399600/399605.jpg",fast-bowler
Nahid Rana,Bangladesh,Test,1,1,0,2,-,25.00,12.0,12.50,10,0,"",fast-bowler
Tajiul Islam,Bangladesh,Test,56,100,841,242,10.13,31.34,61.3,3.06,11,17,"",left-arm-off-spinner
Tajiul Islam,Bangladesh,Odi,20,20,110,31,10.00,25.96,33.8,4.60,11,1,"https://img1.hscicdn.com/image/upload/f_auto,t_ds_w_1200,q_50/lsci/db/PICTURES/CMS/392200/392242.jpg",left-arm-off-spinner
Tajiul Islam,Bangladesh,T20,2,2,0,1,0,58.00,42.0,8.28,11,0,"",left-arm-off-spinner
Hassan Murad,Bangladesh,Test,1,2,16,6,16.00,17.83,34.0,3.14,10,0,"",left-arm-off-spinner
Maheesh Theekshana,Srilanka,T20,68,68,84,66,4.42,27.06,23.2,6.99,9,0,"https://img1.hscicdn.com/image/upload/f_auto,t_ds_wide_w_1280,q_70/lsci/db/PICTURES/CMS/409100/409150.6.jpg",right-arm-off-spinner
Jeffrey Vandersay,Srilanka,T20,17,17,35,8,11.66,61.12,46.0,7.97,10,0,"",leg-spinner
Jeffrey Vandersay,Srilanka,Odi,29,27,116,43,10.54,25.74,28.9,5.33,10,1,"https://img1.hscicdn.com/image/upload/f_auto,t_ds_w_1200,q_50/lsci/db/PICTURES/CMS/391100/391142.jpg",leg-spinner
Jeffrey Vandersay,Srilanka,Test,2,2,71,5,17.75,50.00,57.6,5.20,10,0,"",leg-spinner
Pramod Madushan,Srilanka,Odi,11,11,46,13,7.66,41.84,36.1,6.94,10,0,"",fast-bowler	
Vijayakanth Viyaskanth,Srilanka,T20,2,2,13,1,-,56.00,48.0,7.00,9,0,"https://img1.hscicdn.com/image/upload/f_auto,t_ds_w_1200,q_50/lsci/db/PICTURES/CMS/351300/351311.jpg",leg-spinner
Eshan Malinga,Srilanka,T20,2,2,1,2,1.00,27.50,19.5,8.46,11,0,"",fast-bowler
Eshan Malinga,Srilanka,Odi,7,7,14,4,4.66,55.75,55.5,6.02,11,0,"https://img1.hscicdn.com/image/upload/f_auto,t_ds_w_1200,q_50/lsci/db/PICTURES/CMS/400700/400790.jpg",fast-bowler
Muhammad Salman Mirza,Pakistan,T20,12,12,3,19,1.5,14.89,14.4,6.19,11,0,"https://img1.hscicdn.com/image/upload/f_auto,t_ds_w_1200,q_50/lsci/db/PICTURES/CMS/408700/408718.jpg",fast-bowler
Gus Atkinson,England,Test,15,29,425,66,20.23,24.59,39.1,3.76,8,4,"",fast-bowler
Gus Atkinson,England,Odi,11,11,104,13,17.33,40.53,36.3,6.69,10,0,"https://img1.hscicdn.com/image/upload/f_auto,t_ds_w_1280,q_80/lsci/db/PICTURES/CMS/409600/409610.jpg",fast-bowler
Gus Atkinson,England,T20,4,4,10,6,10.00,20.33,10.8,11.26,8,0,"",fast-bowler
Mark Wood,England,Test,38,71,811,119,15.59,30.79,55.5,3.32,11,5,"",fast-bowler
Mark Wood,England,Test,70,69,27,80,13.50,40.82,43.8,5.58,11,0,"",fast-bowler
Mark Wood,England,Odi,70,69,168,80,12.92,40.82,43.8,5.58,11,0,"",fast-bowler
Scott Boland,Australia,Test,16,31,104,69,9.45,18.17,37.3,2.91,10,2,"",fast-bowler
Scott Boland,Australia,Odi,14,13,9,16,3.00,45.31,44.7,6.07,11,0,"",fast-bowler
Scott Boland,Australia,Test,3,3,-,3,-,30.00,22.0,8.18,11,0,"",fast-bowler
Brendan Doggett,Australia,Test,2,4,20,7,20.00,30.71,41.4,4.44,10,0,"",fast-bowler
Nathan Lyonn,Australia,Test,140,260,1642,562,12.70,30.16,61.4,2.94,10,24,"",fast-bowler
Nathan Lyonn,Australia,Odi,29,29,77,29,19.50,46.00,56.0,4.92,11,0,"",fast-bowler
Nathan Lyonn,Australia,T20,2,2,4,1,-,48.00,30.0,9.60,11,0,"",fast-bowler
Usman Tariq,Pakistan,T20,2,2,-,6,-,7.33,8.0,5.50,11,0,"https://img1.hscicdn.com/image/upload/f_auto,t_ds_w_1280,q_80/lsci/db/PICTURES/CMS/409600/409689.jpg",right-arm-off-spinner
Willington Maskadza,Zimbabwe,Test,7,11,159,19,13.25,41.57,72.6,3.43,8,0,"",left-arm-off-spineer
Willington Maskadza,Zimbabwe,Odi,42,39,243,33,11.04,43.12,53.0,4.87,8,0,"https://img1.hscicdn.com/image/upload/f_auto,t_ds_w_1280,q_80/lsci/db/PICTURES/CMS/380700/380757.jpg",left-arm-off-spineer
Willington Maskadza,Zimbabwe,T20,75,71,259,48,8.63,32.75,26.7,7.35,9,0,"",left-arm-off-spineer
Tinotenda Maposa,Zimbabwe,Odi,1,1,0,0,0,-,-,8.40,10,0,"",fast-bowler
Tinotenda Maposa,Zimbabwe,T20,20,20,92,14,13.40,36.50,24.1,9.07,10,0,"",fast-bowler
Richard Nagrava,Zimbabwe,Test,11,18,136,25,9.71,38.56,65.7,3.51,11,1,"",fast-bowler
Richard Nagrava,Zimbabwe,Odi,55,52,272,70,12.95,30.68,34.7,5.92,11,1,"https://img1.hscicdn.com/image/upload/f_auto,t_ds_w_1200,q_50/lsci/db/PICTURES/CMS/400900/400925.jpg",fast-bowler
Richard Nagrava,Zimbabwe,T20,90,88,101,108,5.05,21.38,17.5,7.30,11,0,"",fast-bowler
Michael Naseer,Australia,Test,3,6,72,13,18.00,15.53,35.6,2.61,10,1,"https://img1.hscicdn.com/image/upload/f_auto,t_ds_w_1200,q_50/lsci/db/PICTURES/CMS/409100/409179.png",fast-bowler
Michael Naseer,Australia,Test,4,4,11,3,2.75,79.66,73.3,6.51,10,0,"",fast-bowler
Zak Foulkes,New Zeland,Test,2,4,15,12,15.00,15.58,38.0,2.46,9,1,"",fast-bowler
Zak Foulkes,New Zeland,Odi,6,5,38,9,-,16.00,21.3,4.50,9,0,"",fast-bowler
Zak Foulkes,New Zeland,T20,17,16,60,18,26.27,15.00,18.1,8.67,9,0,"",fast-bowler
Kemar Roach,Windies,Test,87,158,1359,293,12.46,26.97,52.1,3.10,8,12,"",fast-bowler
Johann Layne,Windies,Test,2,3,15,1,5.00,165.00,234.0,4.23,10,0,"https://img1.hscicdn.com/image/upload/f_auto,t_ds_w_1200,q_50/lsci/db/PICTURES/CMS/407000/407005.jpg",fast-bowler"
Ojay Shields,Windies,Test,2,4,9,5,3.00,35.20,50.4,4.19,11,0,"",fast-bowler
Anderson Phillip,Windies,Test,5,9,105,8,17.50,56.00,74.2,4.52,9,0,"",fast-bowler
Anderson Phillip,Windies,Odi,5,5,22,4,22.00,51.75,48.7,6.36,9,0,"https://img1.hscicdn.com/image/upload/f_auto,t_ds_wide_w_1280,q_70/lsci/db/PICTURES/CMS/410400/410419.6.jpg",fast-bowler
Zaman Khan,Pakistan,T20,10,10,8,7,-,33.71,27.0,7.49,11,0,"https://img1.hscicdn.com/image/upload/f_auto,t_ds_w_1200,q_50/lsci/db/PICTURES/CMS/376600/376612.jpg",fast-bowler
Hassan Ali,Pakistan,Test,25,48,382,80,11.93,27.66,54.4,3.04,2,10,"",fast-bowler
Hassan Ali,Pakistan,T20,57,56,147,72,13.36,23.30,16.0,8.71,1,10,"https://img1.hscicdn.com/image/upload/f_auto,t_ds_w_1200,q_50/lsci/db/PICTURES/CMS/401200/401272.jpg",fast-bowler
Hassan Ali,Pakistan,Odi,68,66,383,102,13.67,31.16,32.2,5.80,2,10,"",fast-bowler
Ihsan Ullah,Pakistan,T20,4,4,6,6,-,18.00,14.8,7.28,11,0,"https://img1.hscicdn.com/image/upload/f_auto,t_ds_w_1200,q_50/lsci/db/PICTURES/CMS/379200/379227.jpg",fast-bowler
Sandeep Lamichhane,Nepal,Odi,66,64,497,135,14.61,19.93,26.6,4.48,9,3,"",leg-spinner
Sandeep Lamichhane,Nepal,T20,68,68,79,6.07,129,12.14,12.0,6.03,9,2,"",leg-spinner
Lalit Rajbanshi,Nepal,Odi,41,36,43,47,25.38,4.77,38.6,3.94,10,1,"",left-arm-spinner	
Lalit Rajbanshi,Nepal,T20,37,37,8,36,4.00,21.58,20.3,6.37,10,0,"https://img1.hscicdn.com/image/upload/f_auto,t_ds_w_1200,q_50/lsci/db/PICTURES/CMS/278700/278789.jpg",left-arm-spinner
Nandan Yadav,Nepal,Odi,3,3,12,5,6.00,28.40,33.6,5.07,11,0,"",fast-bowler
Nandan Yadav,Nepal,T20,12,12,68,15,34.00,16.93,13.9,7.29,11,0,"",fast-bowler	
Abdollah Ahmadzai,Afghanistan,T20,7,7,6,11,6.00,18.63,11.8,9.46,11,0,"",fast-bowler
Ziaur Rehman,Afghanistan,Test,1,1,0,7,13.85,0.00,27.4,3.03,11,1,"",fast-bowler
Ziaur Rehman,Afghanistan,T20,1,1,-,2,-,21.00,12.0,10.50,11,0,"https://img1.hscicdn.com/image/upload/f_auto,t_ds_wide_w_1280,q_70/lsci/db/PICTURES/CMS/408100/408195.6.jpg",fast-bowler
Dilon Heyliger,Canada,Odi,23,22,213,37,14.20,23.89,28.1,5.09,9,1,"",fast-bowler
Dilon Heyliger,Canada,T20,56,55,374,54,24.93,22.44,18.4,7.29,9,1,"",fast-bowler
Kaleem Sana,Canada,Odi,26,25,114,41,10.36,22.78,31.1,4.39,11,0,"",fast-bowler
Kaleem Sana,Canada,T20,42,41,46,64,11.50,13.37,13.2,6.03,11,0,"",fast-bowler
Ansh Patel,Canada,Odi,2,2,-,3,-,27.00,28.0,5.78,10,0,"",left-arm-wrist-spin
Ansh Patel,Canada,T20,5,4,-,5,-,7.00,13.2,3.18,10,0,"",left-arm-wrist-spin
Graeme Cremer,Zimbabwe,Test,19,27,540,57,45.68,16.36,73.9,3.70,9,1,"",leg-spinner
Graeme Cremer,Zimbabwe,Odi,96,95,744,119,14.58,30.22,39.3,4.61,9,3,"",leg-spinner
Graeme Cremer,Zimbabwe,T20,31,30,71,37,5.46,19.02,16.5,6.90,9,0,"",leg-spinner
Jay Odedra,Oman,Odi,21,21,31,22,5.16,24.59,37.3,3.94,7,0,"",right-arm-off-spinner
Jay Odedra,Oman,T20,9,9,32,6,32.00,31.16,27.0,6.92,7,0,"",right-arm-off-spinner
Hasnain Shah,Oman,Odi,5,5,69,2,34.50,85.50,91.5,5.60,10,0,"",fast-bowler
Hasnain Shah,Oman,T20,5,5,1,3,0.33,40.33,28.0,8.64,10,0,"",fast-bowler
Jiten Ramanandi,Oman,T20,11,10,2,15,2.0,15.26,13.2,6.93,9,0,"",fast-bowler
Jiten Ramanandi,Oman,T20,1,1,-,2,-,14.00,12.0,7.00,11,0,"",fast-bowler
Shafiq Jan,Oman,T20,1,1,-,2,-,14.00,12.0,7.00,11,0,"",fast-bowler
Shah Faisal,Oman,T20,11,11,19,14,6.33,21.00,18.0,7.00,9,0,"",fast-bowler
Shakeel Ahmed,Oman,Odi,15,15,99,39,16.5,11.15,21.7,3.07,8,1,"",fast-bowler
Shakeel Ahmed,Oman,T20,44,43,255,34,15.93,28.64,26.2,6.53,8,0,"",fast-bowler
Sufyan Mehmood,Oman,Odi,8,6,107,6,17.83,24.50,34.8,4.22,11,0,"",fast-bowler	
Sufyan Mehmood,Oman,T20,22,21,138,21,13.80,22.57,17.5,7.70,10,0,"",fast-bowler
Ruben Trumpelmann,Namabia,Odi,49,48,532,73,16.12,25.45,31.4,4.85,10,2,"",left-arm-fast
Ruben Trumpelmann,Namabia,T20,44,40,267,49,19.07,20.97,15.9,7.88,10,0,"",left-arm-fast
Ben Shikongo,Namabia,Odi,23,23,22,25,35.08,5.5,34.3,6.13,11,0,"",fast-bowler
Ben Shikongo,Namabia,T20,40,38,1,37,0.5,17.62,16.1,6.55,11,0,"",fast-bowler	 
Bernard Scholtz,Namabia,Odi,64,64,313,100,12.52,18.89,33.7,3.36,10,2,"",left-arm-off-spinner
Bernard Scholtz,Namabia,T20,76,74,73,79,12.16,19.79,19.1,6.18,10,0,"",left-arm-off-spinner
Max Heingo,Namabia,T20,1,1,-,2,-,16.00,10.66,9.0,11,0,"",fast-bowler
Jack Brassell,Namabia,Odi,18,17,7,11,7.0,33.00,23.0,8.60,10,0,"",fast-bowler
Jack Brassell,Namabia,T20,9,9,4,9,0.8,36.22,38.0,5.71,10,0,"",fast-bowler
Ben Manenti,Italy,T20,8,8,93,3,13.28,76.66,60.0,7.66,9,0,"",rigt-arm-off-spinner
Thomas Draca,Italy,T20,8,8,4,10,-,14.90,16.2,5.51,10,0,"",fast-bowler
Crishan Kalugamage,Italy,T20,16,16,25,16,8.33,19.25,18.6,6.18,11,0,"",leg-spinner
Zain Ali,Italy,T20,3,2,0,4,0,10.75,12.0,5.37,10,0,"",fast-bowler
Aryan Dutt,Netherlands,Odi,53,52,221,62,7.62,32.88,40.7,4.84,9,1,"",right-arm-off-spinner
Aryan Dutt,Netherlands,Odi,26,26,14,25,16.28,23.44,20.2,6.94,9,0,"",right-arm-off-spinner
Fred Klaassen,Netherlands,Odi,20,20,75,32,9.87,25.40,34.5,4.40,10,0,"",fast-bowler
Fred Klaassen,Netherlands,T20,39,38,45,43,4.5,23.44,18.6,7.52,10,1,"https://img1.hscicdn.com/image/upload/f_auto,t_ds_wide_w_1280,q_70/lsci/db/PICTURES/CMS/405800/405867.6.jpg",fast-bowler
Kyle Klein,Netherlands,Odi,18,17,136,35,17.00,19.42,23.6,4.93,11,0,"",fast-bowler
Kyle Klein,Netherlands,T20,17,17,42,28,5.25,15.92,12.0,7.94,11,0,"",fast-bowler
Logan van Beek,Netherlands,Odi,33,33,477,46,21.68,35.04,37.2,5.64,9,0,"",fast-bowler
Logan van Beek,Netherlands,T20,31,29,107,36,7.58,19.38,15.51,7.50,10,0,"https://img1.hscicdn.com/image/upload/f_auto,t_ds_w_1200,q_50/lsci/db/PICTURES/CMS/382300/382389.jpg",fast-bowler	
Timm van der Gugten,Netherlands,Odi,15,14,118,14,16.85,22.21,39.4,3.38,10,1,"",fast-bowler
Timm van der Gugten,Netherlands,T20,49,48,168,52,16.80,22.11,17.5,7.5,10,0,"",fast-bowler
Paul van Meekeren,Netherlands,Odi,39,38,145,61,8.52,27.47,30.6,5.37,11,1,"",fast-bowler
Paul van Meekeren,Netherlands,T20,77,75,136,84,7.15,21.55,18.2,7.10,11,0,"",fast-bowler
Mark Adair,Ireland,Odi,54,52,469,71,18.45,33.95,35.0,5.81,8,0,"",fast-bowler
Mark Adair,Ireland,Test,7,13,313,25,28.45,28.60,47.6,3.59,8,1,"https://img1.hscicdn.com/image/upload/f_auto,t_ds_w_1200,q_50/lsci/db/PICTURES/CMS/361000/361062.jpg",fast-bowler
Mark Adair,Ireland,T20,95,95,788,137,14.86,19.27,14.9,7.75,8,0,"",fast-bowler
Ali Hassan,Italy,T20,7,7,10,9,-,12.55,15.3,4.91,10,0,"",fast-bolwer
Crishan Kalugamage,Italy,T20,18,18,25,20,8.33,18.15,17.0,6.38,11,0,"",leg-spinner
Jaspreet Sing,Italy,T20,27,23,68,23,8.5,21.21,17.4,7.30,9,0,"",fast-bowler
Grant Stewart,Italy,T20,20,15,473,17,29.56,20.11,20.3,5.93,8,0,"",fast-bowler
Haider Ali,UAE,Odi,4,4,16,2,8.00,74.50,120.0,3.72,9,0,"https://img1.hscicdn.com/image/upload/f_auto,t_ds_w_1200,q_50/lsci/db/PICTURES/CMS/405700/405774.jpg",left-arm-off-spinner
Haider Ali,UAE,T20,21,21,43,29,6.14,15.79,16.7,5.65,9,0,"https://img1.hscicdn.com/image/upload/f_auto,t_ds_w_1200,q_50/lsci/db/PICTURES/CMS/405700/405774.jpg",left-arm-off-spinner
Junaid Siddique,UAE,Odi,63,62,142,86,5.05,28.67,34.0,5.05,10,0,"https://img1.hscicdn.com/image/upload/f_auto,t_ds_w_1200,q_50/lsci/db/PICTURES/CMS/406400/406466.jpg",fast-bowler
Junaid Siddique,UAE,T20,84,84,87,113,7.90,20.75,16.5,7.54,10,0,"https://img1.hscicdn.com/image/upload/f_auto,t_ds_w_1200,q_50/lsci/db/PICTURES/CMS/406400/406466.jpg",fast-bowler
Muhammad Rohid,UAE,Odi,3,3,14,2,-,75.00,90.0,5.00,10,0,"https://img1.hscicdn.com/image/upload/f_auto,t_ds_w_1200,q_50/lsci/db/PICTURES/CMS/405600/405668.jpg",fast-bowler
Muhammad Rohid,UAE,T20,16,16,4,19,4.00,21.84,16.9,7.73,10,0,"https://img1.hscicdn.com/image/upload/f_auto,t_ds_w_1200,q_50/lsci/db/PICTURES/CMS/405600/405668.jpg",fast-bowler
Muhammad Arfan,UAE,T20,5,5,38,7,19.00,12.85,13.4,5.74,10,0,"",fast-bowler
Muhammad Jawwadullah,UAE,Odi,13,13,15,13,3.75,43.00,42.1,6.12,10,0,"https://img1.hscicdn.com/image/upload/f_auto,t_ds_w_1200,q_50/lsci/db/PICTURES/CMS/362000/362098.jpg",fast-bowler
Muhammad Jawwadullah,UAE,T20,36,36,20,56,10.00,18.67,14.4,7.73,10,0,"https://img1.hscicdn.com/image/upload/f_auto,t_ds_w_1200,q_50/lsci/db/PICTURES/CMS/362000/362098.jpg",fast-bowler
Simranjeet Sing,UAE,Odi,6,6,31,12,10.33,20.58,28.5,4.33,11,0,"https://img1.hscicdn.com/image/upload/f_auto,t_ds_w_1200,q_50/lsci/db/PICTURES/CMS/406400/406464.jpg",left-arm-off-spinner
Simranjeet Sing,UAE,T20,16,16,2,19,1.00,16.05,15.9,6.03,11,0,"https://img1.hscicdn.com/image/upload/f_auto,t_ds_w_1200,q_50/lsci/db/PICTURES/CMS/406400/406464.jpg",left-arm-off-spinner
