player,Team,Format,matches,Innings,NO,runs,wickets,average,bowling_average,strike_rate,HS,100s,50s,batting_position,image_url,role,economy
Babar Azam,Pakistan,Odi,140,137,16,6501,0,53.72,0,87.16,158,20,37,3,https://s.yimg.com/zb/imgv1/189cf044-0697-3c96-bb0d-9b3b70d10970/t_500x300 ,Batsman,0
Babar Azam,Pakistan,Test,61,112,9,4366,2,42.38,21.00,54.45,196,9,30,4,"",Batsman,2.80
Babar Azam,Pakistan,T20,135,128,16,4392,-,39.21,-,128.64,122,3,38,3,"",Batsman
Virat Kohli,India,Odi,308,296,47,14557,5,58.46,136.00,93.65,183,53,76,3,https://tse3.mm.bing.net/th/id/OIP.VwUIxemJi5aTGBAatvD57AHaE4?pid=Api&P=0&h=220 ,Batsman,0
Rohit Sharma,India,Odi,279,271,37,11516,9,49.21,59.22,92.85,264,33,61,2,https://s.yimg.com/zb/imgv1/6eef5da6-4f23-3564-b2ef-47a50f6337c4/t_500x300 ,Batsman,0
Kane Williamson,New Zealand,Test,106,188,17,9337,30,54.60,40.23,51.74,251,33,38,4,"",Batsman
Kane Williamson,New Zealand,T20,93,90,13,2575,6,33.44,27.33,123.08,95,0,18,3,"",Batsman
Kane Williamson,New Zealand,Odi,175,167,18,7256,37,48.69,35.40,81.59,148,15,47,4,https://tse3.mm.bing.net/th/id/OIP.-8NBj1JgirQtv5o46gUukQAAAA?pid=Api&P=0&h=220 ,Batsman,0
Joe Root,England,Test,160,292,25,13704,73,51.32,47.63,57.54,262,40,66,4,"",Batsman
Joe Root,England,T20,32,30,5,893,6,35.72,23.16,126.30,90*,0,5,3,"",Batsman
Joe Root,England,Odi,186,175,24,7330,28,48.54,61.85,87.65,166*,19,43,4,https://wallpapers.com/images/hd/joe-root-portrait-31krp0eo0xyw2om5.jpg ,Batsman,0
Ryan Rickelton,South Africa,Test,13,23,3,793,0,39.65,0,52.65,259,2,1,1,"",wicket-keeper
Ryan Rickelton,South Africa,T20,18,18,0,381,0,21.16,0,134.15,76,0,2,1,"",wicket-keeper
Ryan Rickelton,South Africa,Odi,17,17,1,454,-,28.37,-,86.14,103,1,1,2,https://img1.hscicdn.com/image/upload/f_autot_ds_w_1200/lsci/db/PICTURES/CMS/345900/345935.jpg ,wicket-keeper,0
Phil Salt,England,T20,50,46,6,1540,0,38.50,0,168.12,141*,4,7,1,"",Batsman
Phil Salt,England,Odi,33,31,0,988,0.0,31.87,0.0,114.75,122,1,5,1,https://ichef.bbci.co.uk/ace/standard/3840/cpsprodpb/443b/live/496ab100-1d9b-11ef-a090-6b563b2f66e3.jpg ,Batsman,0
Fakhar Zaman,Pakistan,T20,115,106,6,2365,-,23.65,-,131.31,91,0,13,4,"",Batsman
Fakhar Zaman,Pakistan,Test,3,6,0,192,-,32.00,-,53.48,94,0,2,1,"",Batsman
Fakhar Zaman,Pakistan,Odi,92,91,6,3861,1,45.42,111.0,93.14,210*,11,19,2,https://assets.khelnow.com/news/uploads/2025/02/Fakhar-Zaman-Odi.jpg ,Batsman,0
Saim Ayub,Pakistan,Odi,17,17,1,751,9,46.93,41.55,100.00,113*,3,3,2,https://mbmaliksports.com/wp-content/uploads/2024/07/Saim-Ayub-Sliver-BG.webp ,Batsman,4.92
Saim Ayub,Pakistan,Test,8,14,0,364,4,26.00,34.50,55.40,77,0,3,2,"",Batsman,5.59
Saim Ayub,Pakistan,T20,58,56,3,1109,21,20.92,24.33,132.97,98*,0,5,2,"",Batsman,7.05
Imam ul Haq,Pakistan,Odi,75,74,7,3152,0.0,47.04,0.0,81.95,151,9,20,2,https://tse3.mm.bing.net/th/id/OIP.3DdY3bmehByBikVY-Fd-DwHaHa?pid=Api&P=0&h=220 ,Batsman,0
Abdullah Shafique,Pakistan,Test,24,46,3,1610,0,37.44,0,44.15,201,5,6,1,"",Batsman
Abdullah Shafique,Pakistan,T20,6,6,1,64,0,12.80,0,120.75,41,0,0,1,"",Batsman
Abdullah Shafique,Pakistan,Odi,27,27,2,737,0.0,29.48,0.0,78.07,113,1,6,1,https://en.dailypakistan.com.pk/wp-content/uploads/2023/11/abdullah-shafique-profile-1699087069-5971.jpg ,Batsman,0
Rachin Ravindara,New Zealand,T20,38,34,7,549,14,20.33,21.78,134.55,69,0,3,3,"",Batsman
Rachin Ravindara,New Zealand,Test,18,34,3,1403,10,45.25,51.50,63.14,240,4,4,4,"",Batsman
Rachin Ravindara,New Zealand,Odi,39,35,1,1424,21,41.88,45.28,107.55,123*,5,6,2,https://assets.khelnow.com/news/uploads/2025/02/Rachin-Ravindra-New-Zealand-Odi.jpg ,Batsman,0
Devon Conway,New Zealand,Test,30,56,1,2118,-,38.50,-,52.10,200,5,12,2,"",Batsman
Devon Conway,New Zealand,T20,62,56,11,1675,0,37.22,0,127.47,99*,0,12,1,"",Batsman
Devon Conway,New Zealand,Odi,40,39,3,1615,-,44.86,-,88.05,152*,5,5,1,https://studybymind.com/wp-content/uploads/2023/10/Devon-Conway-biography-in-english-South-african-new-zealand-cricketer-2.jpeg ,Batsman,0
Shubman Gill,India,Test,39,72,6,2839,0,43.01,0,61.45,268,10,8,3,"",Batsman
Shubman Gill,India,T20,32,32,4,808,0,28.85,0,139.31,126*,1,3,2,"",Batsman
Shubman Gill,India,Odi,58,58,8,2818,0.0,56.36,0.0,99.22,208,8,15,2,https://wallpapers.com/images/hd/shubman-gill-bcouvug1edixisa4.jpg ,Batsman,0
KL Rahul,India,T20,72,68,8,2265,0,37.75,0,139.12,110*,2,22,2,"",Batsman
KL Rahul,India,Test,67,118,5,4053,-,35.86,-,51.89,199,11,20,2,"",Batsman
KL Rahul,India,Odi,91,83,18,3218,-,49.50,-,89.48,112,7,20,5,https://www.ipl.com/upload/20241015/e5ecd2506862590ebdd27b70e59dbdb9.jpg ,Batsman,0
Ben Ducket,England,T20,20,20,2,527,0,29.27,0,153.64,84,0,3,2,"",Batsman
Ben Ducket,England,Test,40,74,3,2936,-,41.35,-,86.02,182,6,16,2,"",Batsman
Ben Ducket,England,Odi,31,31,1,1237,0,41.23,0,102.23,165,3,8,2,https://tse1.mm.bing.net/th/id/OIP.rS6D9geGKc5HUmjinXNpLgHaHa?pid=Api&P=0&h=220 ,Batsman,0
Travis Head,Australia,Test,65,111,6,4592,16,43.73,39.56,69.82,175,12,20,5,"",Batsman
Travis Head,Australia,T20,47,45,4,1197,1,29.19,56,156.67,91,0,5,1,"",Batsman
Travis Head,Australia,Odi,79,76,8,3007,28.0,43.57,41.14,105.73,154*,7,17,1,https://tse2.mm.bing.net/th/id/OIP.mj8srQlsB3Mqde-M4C7i8gHaFN?pid=Api&P=0&h=220 ,Batsman,0
Matt Short,Australia,T20,20,19,2,382,8,22.47,17.00,155.28,66,0,1,2,"",Batsman
Matt Short,Australia,Odi,18,16,0,392,2.0,24.5,161.5,93.11,63,0,2,2,https://img1.hscicdn.com/image/upload/f_autot_ds_wide_w_1280q_70/lsci/db/PICTURES/CMS/368900/368972.6.jpg ,Batsman,0
Tony De Zorzi,South Africa,T20,2,2,0,40,0,20.00,0,153.84,33,0,0,3,"",Batsman
Tony De Zorzi,South Africa,Test,17,31,1,919,-,30.63,-,54.80,177,2,3,4,"",Batsman
Tony De Zorzi,South Africa,Odi,22,21,2,705,-,37.10,-,98.60,119*,1,2,2,https://img1.hscicdn.com/image/upload/f_autot_ds_square_w_320q_50/lsci/db/PICTURES/CMS/388400/388419.5.png ,Batsman,0
Tanzid Hassan,Bangladesh,T20,42,42,4,1056,0,27.78,0,128.15,89,0,10,2,"",Batsman
Tanzid Hassan,Bangladesh,Odi,26,25,0,548,0.0,21.92,0.0,100.18,84,0,4,1,https://img1.hscicdn.com/image/upload/f_autot_ds_square_w_320q_50/lsci/db/PICTURES/CMS/392000/392065.2.png ,Batsman,0
Shai Hope,Windies,Test,45,86,3,2253,-,27.14,-,44.22,147,4,6,4,"",wicket-keeper
Shai Hope,Windies,T20,58,56,8,1403,0,29.22,0,137.68,102*,1,9,3,"",wicket-keeper
Shai Hope,Windies,Odi,148,143,22,6113,-,50.52,-,79.81,170,19,30,4,http://www.telegraph.co.uk/content/dam/cricket/2017/09/05/TELEMMGLPICT000138692746_trans_NvBQzQNjv4BqFB5_K9cMdGPZexEeYHxP_9tlHAtrCIpNj5ftyjXF60U.jpeg?imwidth=450 ,wicket-keeper,0
Brandon King,Windies,Test,5,10,0,202,-,20.20,-,57.71,75,0,1,1,"",Batsman
Brandon King,Windies,T20,73,71,5,1704,0,25.81,0,133.64,85*,0,13,1,"",Batsman
Brandon King,Windies,Odi,58,58,2,1530,0.0,27.32,0.0,83.1,112,3,8,1,https://tse2.mm.bing.net/th/id/OIP.1kU8T2DH7LlhZWNtFoiaiwHaEq?pid=Api&P=0&h=220 ,Batsman,0
Evin Lewis,Windies,Odi,70,67,5,2279,0.0,36.75,0.0,86.16,176*,5,12,2,https://cricviz-westindies-production.s3.amazonaws.com/images/991cf9f2-b4e6-4b4f-b328-38ee6e8eeb1a.original.jpg ,Batsman,0
Aiden Makram,South Africa,Test,50,92,2,3192,6,35.46,52.50,59.03,152,8,13,1,"",Batsman
Aiden Makram,South Africa,T20,62,58,8,1467,15,29.34,34.73,145.82,70,0,9,1,"",Batsman
Aiden Makram,South Africa,Odi,86,82,9,2708,20,37.09,61.35,97.90,175,4,14,3,https://circleofcricket.com/post_image/post_image_a3dad1b.jpg ,Batsman,0
Will Young,New Zealand,Test,23,41,3,1215,-,31.97,-,46.83,89,0,11,5,"",Batsman
Will Young,New Zealand,Odi,52,52,5,1694,-,36.04,-,85.81,120,4,10,2,https://tse1.mm.bing.net/th/id/OIP.XzMOIE7kXJOKdWGkurbXdAHaJJ?pid=Api&P=0&h=220 ,Batsman,0
Ibrahim Zadran,Afghanistan,T20,61,61,8,1695,1,31.98,13.00,112.62,87*,0,14,1,"",Batsman
Ibrahim Zadran,Afghanistan,Test,8,16,0,602,1,37.62,13.00,48.78,114,1,4,1,"",Batsman 
Ibrahim Zadran,Afghanistan,Odi,39,39,3,1869,-,51.91,-,82.37,177,6,9,1,https://tse2.mm.bing.net/th/id/OIF.HzyCxaZWNkLIOZRIZdBJbg?pid=Api&P=0&h=220 ,Batsman,0
SediqUllah Atal,Afghanistan,T20,25,25,2,532,-,23.13,-,116.66,73*,0,4,1,"",Batsman
SediqUllah Atal,Afghanistan,Odi,9,8,0,335,0.0,41.87,0.0,82.1,104,1,2,3,https://img1.hscicdn.com/image/upload/f_autot_ds_square_w_640q_50/lsci/db/PICTURES/CMS/383200/383242.png ,Batsman,0
Rahman Ulllah Gurbaz,Afghanistan,Test,2,4,0,97,0,24.25,0,56.72,46,0,0,1,"",wicket-keeper
Rahman Ulllah Gurbaz,Afghanistan,T20,83,83,0,2139,-,25.77,-,134.02,100,1,12,2,"",wicket-keeper
Rahman Ulllah Gurbaz,Afghanistan,Odi,49,49,1,1785,0.0,37.18,0.0,87.8,151,8,6,2,https://img1.hscicdn.com/image/upload/f_autot_ds_square_w_640q_50/lsci/db/PICTURES/CMS/383200/383237.png ,Batsman,0
Pathum Nissanka,Srilanka,Test,18,31,2,1305,0,45.00,0,56.76,187,4,7,1,"",Batsman
Pathum Nissanka,Srilanka,T20,76,75,3,2228,0,30.94,0,125.52,107,1,17,1,"",Batsman	
Pathum Nissanka,Srilanka,Odi,81,80,4,2357,0,31.01,0,126.65,107,1,18,1,https://d16f573ilcot6q.cloudfront.net/wp-content/uploads/2025/09/Pathum-Nissanka-century.webp ,Batsman,0
Kusal Pareera,Srilanka,Test,22,41,3,1177,0,30.97,0,72.25,153*,2,7,6,"",wicket-keeper
Kusal Pareera,Srilanka,T20,	90,89,4,2305,0,27.11,0,133.54,101,1,16,4,"",wicket-keeper
Kusal Pareera,Srilanka,Odi,116,111,5,3237,0.0,30.53,0.0,92.88,135,6,17,4,https://img1.hscicdn.com/image/upload/f_autot_ds_square_w_640q_50/lsci/db/PICTURES/CMS/329700/329750.png ,wicket-keeper,0
Kusal Mendis,Srilanka,Test,73,135,6,4757,1,36.87,118.00,58.61,245,10,22,3,"",wicket-keeper
Kusal Mendis,Srilanka,T20,97,97,5,2330,0,25.32,0,130.38,86,0,17,3,"",wicket-keeper
Kusal Mendis,Srilanka,Odi,151,148,12,4751,0,34.93,0,87.65,143,6,34,3,https://www.ipl.com/upload/20241021/f344983f05ebe5ee606a4e8e9f71c4f1.jpg ,wicket-keeper,0
Steve Smith,Australia,Test,121,216,27,10580,19,55.97,53.05,53.80,239,36,44,4,"",Batsman
Steve Smith,Australia,T20,67,55,11,1094,17,24.86,22.17,125.45,90,0,5,3,"",Batsman
Steve Smith,Australia,Odi,170,154,20,5800,28.0,43.28,34.67,86.96,164,12,35,4,https://wallpapers.com/images/high/steve-smith-cricketer-yj9evxkr70qvlwix.jpg ,Batsman,0
Marnus Labuschagne,Australia,T20,1,1,0,2,-,2.00,-,50.00,2,0,0,3,"",Batsman
Marnus Labuschagne,Australia,Odi,66,58,4,1871,10,35.80,34.64,83.56,124,2,12,3,"",Batsman
Marnus Labuschagne,Australia,Test,63,114,9,4694,14,44.70,59.57,52.23,215,11,25,3,https://tse3.mm.bing.net/th/id/OIP.FFR0M0-IX2UScu5EdqCMRwHaEo?pid=Api&P=0&h=220 ,Batsman,0
Roston Chase,Windies,Test,56,104,4,2479,93,24.79,46.03,46.16,137*,5,11,5,"",Batsman
Roston Chase,Windies,T20,49,37,8,691,33,23.82,26.69,121.01,67*,0,4,5,"",Batsman
Roston Chase,Windies,Odi,69,54,9,1158,45,25.73,45.37,78.24,94,0,6,5,https://tse4.mm.bing.net/th/id/OIP.ry2a3po_-PGdeqXoUN0WXQHaKX?pid=Api&P=0&h=220 ,Batsman,0
Muhammad Rizwan,Pakistan,Test,41,69,9,2399,0,39.98,0,53.86,171*,3,12,6,"",wicket-keeper
Muhammad Rizwan,Pakistan,T20,106,93,21,3414,0,47.41,0,125.37,104*,1,30,2,"",wicket-keeper
Muhammad Rizwan,Pakistan,Odi,95,86,18,2768,0,40.70,0,85.61,131*,4,17,4,https://tse1.mm.bing.net/th/id/OIP.QbBfd73PbQyPzegargdiOwHaE8?pid=Api&P=0&h=220 ,wicket-keeper,0
Keacy Carty,Windies,Test,7,14,0,235,0,16.78,0,45.80,42,0,0,3,"",Batsman
Keacy Carty,Windies,Odi,7,5,1,70,0,17.50,0,132.07,49*,0,0,3,"",Batsman
Keacy Carty,Windies,Odi,43,40,5,1554,0.0,44.4,0.0,78.12,170,4,5,3,https://tse3.mm.bing.net/th/id/OIP.8I4IWXNRvZ-lo7u3pyxUtgHaEo?pid=Api&P=0&h=220 ,Batsman,0
Charith Asalanka,Srilanka,Test,3,6,0,88,0,14.66,0,51.46,29,0,0,5,"",Batsman
Charith Asalanka,Srilanka,T20,72,70,8,1396,7,22.51,33.14,126.67,80*,0,6,5,"",Batsman
Charith Asalanka,Srilanka,Odi,80,72,10,2659,17,42.88,32.94,90.90,127,5,17,4,https://tse1.mm.bing.net/th/id/OIP.UP-ChVapFfQ9uOjLe7Hf2gHaFv?pid=Api&P=0&h=220 ,Batsman,0
Towhid Hirdoy,Bangladesh,Odi,44,40,3,1265,0.0,34.18,0.0,77.75,100,1,11,5,https://img1.hscicdn.com/image/upload/f_autot_ds_square_w_640q_50/lsci/db/PICTURES/CMS/380200/380236.png ,Batsman,0
Josh Ingilis,Australia,Test,4,5,0,142,-,28.40,-,84.02,102,1,0,7,"",Batsman
Josh Ingilis,Australia,T20,41,38,6,911,-,28.46,-,159.26,110,2,2,4,"",Batsman	
Josh Ingilis,Australia,Odi,33,29,3,766,0.0,29.46,0.0,106.38,120*,1,4,5,https://tse4.mm.bing.net/th/id/OIP.2NCs7zMkYXq3jTThbs6njgHaEM?pid=Api&P=0&h=220 ,wicket-keeper,0
Rassie Ven der Dussen,South Africa,Odi,71,65,12,2657,0.0,50.13,0.0,87.02,134,6,17,4,https://tse2.mm.bing.net/th/id/OIP.4-FxC_zWAmJDEB-z86xyJAHaEK?pid=Api&P=0&h=220 ,Batsman,0
Hashmat Ullah Shahidi,Afghanistan,Odi,90,88,15,2435,0.0,33.35,0.0,67.37,97*,0,22,4,https://tse1.mm.bing.net/th/id/OIP.lVCGA-J81o26JJzGDimOoAHaE2?pid=Api&P=0&h=220 ,Batsman,0
Temba Bavuma,South Africa,Test,66,114,14,3810,1,38.10,61.00,48.88,172,4,26,4,"",Batsman
Temba Bavuma,South Africa,T20,36,35,4,670,0,21.61,0,118.16,72,0,1,3,"",Batsman
Temba Bavuma,South Africa,Odi,55,53,5,2035,-,42.39,-,87.71,144,5,8,4,https://www.ipl.com/upload/20241015/d4fc7ea9c3017fa380596ecf278d235f.png ,Batsman,0
Daryll Mitchell,New Zealand,Test,33,53,5,2139,3,44.56,128.33,53.79,190,5,15,5,"",Batsman
Daryll Mitchell,New Zealand,T20,88,80,18,1674,9,27.00,21.00,138.80,72*,0,8,5,"",Batsman
Daryll Mitchell,New Zealand,Odi,55,50,7,2219,14,51.60,22.71,93.51,134,6,11,4,https://tse1.mm.bing.net/th/id/OIP.aZeqZ42zYMYgfqC2L0FFEQHaFj?pid=Api&P=0&h=220 ,Batsman,0
Tom Latham,New Zealand,Test,89,160,6,6003,-,38.98,-,47.57,264*,14,31,1,"",wicket-keeper
Tom Latham,New Zealand,T20,26,23,3,516,-,25.80,-,108.86,65*,0,3,1,"",wicket-keeper
Tom Latham,New Zealand,Odi,163,150,19,4464,-,34.07,-,85.40,145*,8,26,5,https://tse2.mm.bing.net/th/id/OIP.0CIAvQ9hUhsSxoimdVLSCgHaLH?pid=Api&P=0&h=220 ,wicket-keeper,0
Liton Das,Bangladesh,Test,51,89,2,2989,0,34.35,0,59.38,141,4,19,7,"",wicket-keeper
Liton Das,Bangladesh,T20,117,115,5,2590,0,23.54,0,126.15,83,0,15,1,"",wicket-keeper
Liton Das,Bangladesh,Odi,95,94,8,2569,0.0,29.87,0.0,85.91,176,5,12,4,https://tse2.mm.bing.net/th/id/OIP.D1lPTSM6GrEHPjcyAw9uJwHaE_?pid=Api&P=0&h=220 ,Batsman,0
Najmul Hossain Shanto,Bangladesh,Test,38,71,2,2289,0,33.17,0,53.58,163,8,5,4,"",Batsman
Najmul Hossain Shanto,Bangladesh,T20,50,48,5,987,0,22.95,0,109.06,71,0,4,4,"",Batsman
Najmul Hossain Shanto,Bangladesh,Odi,58,57,3,1705,2.0,31.57,61.5,77.85,122*,3,10,3,https://tse1.mm.bing.net/th/id/OIP.I2vDwbwk6wctKlZ-H_6c_AHaE8?pid=Api&P=0&h=220 ,Batsman,0
Camron Green,Australia,Test,34,53,5,1634,36,34.04,36.58,48.79,174*,2,7,6,"",Batsman
Camron Green,Australia,T20,21,20,4,521,12,32.56,160.30,23.50,62*,0,6,5,"",Batsman
Camron Green,Australia,Odi,31,27,9,782,20.0,43.44,39.2,89.57,118*,1,2,5,https://tse1.mm.bing.net/th/id/OIP.L--Jj2jYfFEY3_RyHbH1-QHaEK?pid=Api&P=0&h=220 ,Batsman,0
Mark Champan,New Zealand,T20,100,86,15,1890,4,26.61,24.75,135.19,104*,1,10,4,"",Batsman
Mark Champan,New Zealand,Odi,30,26,4,868,0.0,39.45,0.0,107.02,132,3,3,5,https://tse1.mm.bing.net/th/id/OIP.lAPPNd0QHw_5qmRNGJMRDgHaEP?pid=Api&P=0&h=220 ,Batsman,0
Hassan Nawaz,Pakistan,T20,25,24,2,457,0,20.77,0,154.39,105*,1,2,4,"",Batsman
Hassan Nawaz,Pakistan,Odi,4,4,2,113,0,56.50,0,88.97,63*,0,1,7,https://i.aaj.tv/primary/2025/03/22092739baafecc.webp ,Batsman,0
Tristan Stubbs,South Africa,Test,12,22,1,596,0,28.38,0,47.75,122,2,2,4,"",Batsman
Tristan Stubbs,South Africa,T20,40,34,6,799,0,28.53,0,133.16,76,0,2,5,"",Batsman
Tristan Stubbs,South Africa,Odi,15,15,2,392,0.0,30.15,0.0,84.84,112*,1,3,5,https://tse3.mm.bing.net/th/id/OIP.tyjZl_gOoMc7V8zWst1dHAHaHa?pid=Api&P=0&h=220 ,Batsman,0
David Millar,South Africa,T20,133,117,37,2630,-,32.87,-,140.56,106*,2,8,6,"",Batsman
David Millar,South Africa,Odi,178,154,45,4611,0.0,42.3,0.0,102.34,139,7,24,6,https://tse3.mm.bing.net/th/id/OIP.PiVUCyeF4dQVQxID4D_ezwHaEK?pid=Api&P=0&h=220 ,Batsman,0
Mushfiqur Rahim,Bangladesh,Test,99,182,15,6351,0,38.02,0,48.40,219*,12,27,4,"",wicket-keeper
Mushfiqur Rahim,Bangladesh,Odi,274,256,42,7795,0.0,36.42,0.0,79.7,144,9,49,4,https://statico.sportskeeda.com/editor/2025/02/8f5a6-17399602354222-1920.jpg ,Batsman,0
Nurul Hassan,Bangladesh,Odi,13,11,4,237,0.0,33.85,0.0,89.11,45*,0,0,6,https://tse3.mm.bing.net/th/id/OIP.u6jekX-xnskZckyHCwE60gHaEg?pid=Api&P=0&h=220 ,Batsman,0
Rishabh Pant,India,Test,47,82,5,3427,0,44.50,0,74.16,159*,8,18,5,"",wicket-keeper
Rishabh Pant,India,T20,76,66,14,1209,0,23.25,0,127.26,65*,0,3,5,"",wicket-keeper
Rishabh Pant,India,Odi,31,27,1,871,0.0,33.5,0.0,106.21,125,1,5,6,https://tse3.mm.bing.net/th/id/OIP.BrluJw76JtNUHiDItAcREwHaIX?pid=Api&P=0&h=220 ,wicket-keeper,0
Surya Kumar Yadav,India,T20,94,89,14,2754,2,36.72,2.5,164.41,117,4,21,4,"",Batsman
Surya Kumar Yadav,India,Odi,37,35,5,773,0.0,25.76,0.0,105.02,72*,0,4,5,https://tse1.mm.bing.net/th/id/OIP.HT5kS7c1aiVt__6ivnJCTgHaEK?pid=Api&P=0&h=220 ,Batsman,0
Sherfane Rutherford,Windies,T20,44,38,6,588,2,18.37,46.60,137.38,68*,0,3,5,"",Batsman
Sherfane Rutherford,Windies,Odi,19,17,3,656,0.0,46.85,0.0,102.34,113,1,6,6,https://img1.hscicdn.com/image/upload/f_autot_ds_square_w_320q_50/lsci/db/PICTURES/CMS/322100/322173.1.png ,Batsman,0
Salman Agha,Pakistan,Test,23,44,6,1487,20,39.13,58.05,62.29,132*,3,10,7,"",Batsman
Salman Agha,Pakistan,T20,42,39,8,736,5,23.74,28.40,117.19,63*,0,5,4,"",Batsman
Salman Agha,Pakistan,Odi,47,39,8,1363,19,43.96,51.36,95.24,134,2,8,5,https://d13ir53smqqeyp.cloudfront.net/fc-player-images/3648.png ,Batsman,0
Irfan Khan,Pakistan,T20,14,11,4,189,0,27.00,0,135.00,37*,0,0,6,"",Batsman
Irfan Khan,Pakistan,Odi,9,6,0,48,0.0,8.0,0.0,64.86,22,0,0,6,https://tse2.mm.bing.net/th/id/OIP.hhQiaJsyGJ3H6rIiUCiEbwHaLH?pid=Api&P=0&h=220 ,Batsman,0
Rahmat Shah,Afghanistan,Odi,124,119,5,4025,0.0,35.3,0.0,71.25,114,5,32,4,https://i.pinimg.com/736x/a6/30/7c/a6307c4f8e4b64887c0ea064206b3824.jpg ,Batsman,0
Jamie Smith,England,T20,5,5,0,130,0,26.00,0,194.02,60,0,1,1,"",wicket-keeper
Jamie Smith,England,Test,17,29,3,1127,-,43.34,-,75.68,184*,2,6,7,"",wicket-keeper
Jamie Smith,England,Odi,19,18,0,392,0,21.77,0,112.32,64,0,3,5,https://img1.hscicdn.com/image/upload/f_autot_ds_wide_w_1280q_70/lsci/db/PICTURES/CMS/386500/386509.6.jpg ,wicket-keeper,0
Saud Shakeel,Pakistan,Odi,16,16,1,408,1.0,27.2,37.0,85.35,68,0,4,5,https://tse3.mm.bing.net/th/id/OIP.5C2M3qB1PtTayYkmi1bG4gHaEc?pid=Api&P=0&h=220 ,Batsman,0
Jos Buttler,England,Test,57,100,9,2907,0,31.94,0,54.18,152,2,18,7,"",wicket-keeper
Jos Buttler,England,T20,144,132,23,3869,0,35.49,0,148.97,101*,1,28,2,"",wicket-keeper
Jos Buttler,England,Odi,196,169,29,5463,0,39.02,0,115.10,162*,11,29,5,https://tse3.mm.bing.net/th/id/OIP.85E7-sGzI0fZQpvRPeaPzQHaEK?pid=Api&P=0&h=220 ,wicket-keeper,0
Harry Brook,England,T20,52,44,11,1012,0,30.66,0,151.72,81*,0,5,4,"",Batsman
Harry Brook,England,Test,32,54,1,2918,1,55.05,105,87.36,317,10,14,5,"",Batsman
Harry Brook,England,Odi,35,35,3,1170,0,36.56,0,103.26,135,2,6,6,https://tse1.mm.bing.net/th/id/OIP.QZmSIMUM5AhfmOzlqj3YNAHaEK?pid=Api&P=0&h=220 ,Batsman,0
Glenn Phillips,New Zealand,Odi,44,36,8,1112,16.0,39.71,46.06,101.92,106*,1,5,6,https://tse4.mm.bing.net/th/id/OIP.DSEm1oLGpy97jTSphghz0wHaEK?pid=Api&P=0&h=220 ,Batsman,0
Saif Hassan,Bangladesh,Test,6,11,0,159,1,14.45,21.00,51.79,43,0,0,1,"",Batsman
Saif Hassan,Bangladesh,T20,18,17,3,396,2,28.28,53.5,121.84,69,0,4,1,"",Batsman
Saif Hassan,Bangladesh,Odi,6,6,0,180,4.0,30.5,11.5,86.53,80,0,1,1,https://img1.hscicdn.com/image/upload/f_autot_ds_w_1280q_80/lsci/db/PICTURES/CMS/406600/406628.jpg ,Batsman,0
Soyuma Sarkar,Bangladesh,Odi,79,74,4,2338,16.0,33.4,35.43,94.92,169,3,14,2, https://img1.hscicdn.com/image/upload/f_autot_ds_w_1280q_80/lsci/db/PICTURES/CMS/381400/381492.jpg ,Batsman,0
Alick Athanaze,Windies,Test,16,31,0,734,1,23.67,79.00,51.47,92,0,4,3,"",Batsman
Alick Athanaze,Windies,T20,14,14,1,326,0,25.07,0,129.36,60,0,2,1,"",Batsman
Alick Athanaze,Windies,Odi,117,17,0,405,4,23.82,17.50,77.14,66,0,2,2,https://img1.hscicdn.com/image/upload/f_autot_ds_w_1280q_80/lsci/db/PICTURES/CMS/385000/385035.jpg ,Batsman,0
Yashavi Jaiswal,India,Test,26,49,2,2428,0,51.65,0,66.42,214*,7,12,1,"",Batsman
Yashavi Jaiswal,India,T20,23,22,2,723,0,36.15,0,164.31,100,1,5,1,"",Batsman
Yashavi Jaiswal,India,Odi,4,4,1,171,-,57.00,-,86.80,116*,1,0,1,"https://img1.hscicdn.com/image/upload/f_auto,t_ds_w_1280,q_80/lsci/db/PICTURES/CMS/407500/407547.jpg ",Batsman,0
Paul Striling,Ireland,Test,9,18,0,485,0,26.94,0,61.62,103,1,2,2,"",Batsman
Paul Striling,Ireland,T20,159,156,11,3866,20,26.66,33.95,134.65,115*,1,24,2,"",Batsman
Paul Striling,Ireland,Odi,170,162,3,6005,43,37.76,45.16,87.48,177,14,32,2,"https://img1.hscicdn.com/image/upload/f_auto,t_ds_w_1280,q_80/lsci/db/PICTURES/CMS/385300/385383.jpg ",Batsman,0
Andy Balbrine,Ireland,Test,11,22,1,514,0,24.47,0,51.29,95,0,5,1,"",Batsman
Andy Balbrine,Ireland,T20,110,106,4,2392,0,23.45,0,123.23,83,0,12,1,"",Batsman
Andy Balbrine,Ireland,Odi,117,110,8,3264,2.0,32.0,34.0,74.24,145*,9,17,1,"https://img1.hscicdn.com/image/upload/f_auto,t_ds_w_1280,q_80/lsci/db/PICTURES/CMS/400800/400883.jpg",Batsman,0
Cade Carmichael,Ireland,Odi,3,2,0,64,0.0,32.0,0.0,82.0,78.04,0,0,3,"https://img1.hscicdn.com/image/upload/f_auto,t_ds_wide_w_1280,q_70/lsci/db/PICTURES/CMS/401100/401128.6.jpg",Batsman,0
Parvez Hossain Emon,Bangladesh,Odi,3,3,0,108,0.0,36.0,0.0,83.72,67,0,1,2,"https://img1.hscicdn.com/image/upload/f_auto,t_ds_w_1280,q_80/lsci/db/PICTURES/CMS/313600/313614.jpg",Batsman,0
Sheryas Iyer,India,T20,51,47,11,1104,0,30.66,0,136.12,74*,0,8,4,"",Batsman
Sheryas Iyer,India,Test,14,24,2,811,0,36.86,0,63.01,105,1,5,4,"",Batsman
Sheryas Iyer,India,Odi,72,67,6,2917,0.0,47.81,0.0,99.01,128*,5,22,4,"https://img1.hscicdn.com/image/upload/f_auto,t_ds_w_1200,q_50/lsci/db/PICTURES/CMS/401400/401436.jpg",Batsman,0
Mitchell Marsh,Australia,T20,80,76,13,2083,17,33.06,27.76,139.79,103*,1,11,1,"",Batsman
Mitchell Marsh,Australia,Test,46,80,7,2083,51,28.53,40.41,56.29,181,3,9,6,"",Batsman
Mitchell Marsh,Australia,Odi,99,95,12,3098,57.0,37.32,35.71,94.56,177*,4,20,1,"https://img1.hscicdn.com/image/upload/f_auto,t_ds_w_1200,q_50/lsci/db/PICTURES/CMS/407200/407268.png",Batsman,0
Mahidul Islam Ankon,Bangladesh,Odi,3,3,0,69,,23.0,0.0,57.02,46,0,0,5,"https://img1.hscicdn.com/image/upload/f_auto,t_ds_w_1280,q_80/lsci/db/PICTURES/CMS/394000/394013.jpg",wicket-keeper,0
Ackeme Augeste,Windies,T20,9,8,1,164,0,23.42,0,138.98,50,0,1,4,"",Batsman
Ackeme Augeste,Windies,Odi,1,1,0,17,,17.0,0.0,58.62,17,0,0,4,"https://img1.hscicdn.com/image/upload/f_auto,t_ds_w_1200,q_50/lsci/db/PICTURES/CMS/406200/406217.jpg",wicket-keeper,0
Mitchell Owen,Australia,Odi,3,2,0,37,2.0,18.5,21.0,137.03,36,0,0,6,"https://img1.hscicdn.com/image/upload/f_auto,t_ds_w_1200,q_50/lsci/db/PICTURES/CMS/404300/404348.jpg",Batsman,0
Alex Cary,Australia,Test,48,73,8,2333,-,35.89,-,65.14,156,3,13,7,"",wicket-keeper
Alex Cary,Australia,T20,42,29,5,267,0,11.12,0,109.87,37,0,0,5,"",wicket-keeper
Alex Cary,Australia,Odi,85,77,13,2245,0.0,35.07,0.0,90.67,106,1,13,5,"https://img1.hscicdn.com/image/upload/f_auto,t_ds_w_1200,q_50/lsci/db/PICTURES/CMS/403100/403127.jpg",wicket-keeper,0
Matt Renshaw,Australia,Odi,3,3,1,107,0.0,53.5,0.0,95.53,56,0,1,4,"https://img1.hscicdn.com/image/upload/f_auto,t_ds_w_1200,q_50/lsci/db/PICTURES/CMS/391100/391130.jpg",Batsman,0
Sahibzada Farhan,Pakistan,T20,37,37,1,917,-,25.47,-,129.15,80*,0,8,1,"https://img1.hscicdn.com/image/upload/f_auto,t_ds_w_1200,q_50/lsci/db/PICTURES/CMS/406600/406680.jpg",Batsman
Usman Khan,Pakistan,Odi,2,2,0,51,0,25.50,0,102.00,39,0,0,2,"https://img1.hscicdn.com/image/upload/f_auto,t_ds_w_1200,q_50/lsci/db/PICTURES/CMS/396700/396734.jpg",wicket-keeper
Usman Khan,Pakistan,T20,29,25,6,343,-,18.05,-,117.06,52,0,1,5,"",wicket-keeper
Hussain Talat,Pakistan,Odi,5,5,1,97,0,24.25,0,86.60,41*,0,0,5,"https://img1.hscicdn.com/image/upload/f_auto,t_ds_w_1200,q_50/lsci/db/PICTURES/CMS/274600/274636.jpg",Batsman,7.00
Hussain Talat,Pakistan,T20,23,23,3,441,7,22.05,15.42,113.95,63,0,2,5,"",Batsman,9.00
Mathew Breetzke,South Africa,Test,2,3,0,14,0,4.66,0,25.45,13,0,0,4,"",Batsman,0
Mathew Breetzke,South Africa,T20,13,13,1,158,0,13.16,0,116.17,51,0,1,4,"",Batsman,0
Mathew Breetzke,South Africa,Odi,12,12,1,706,-,64.18,-,96.71,150,1,6,5,"https://img1.hscicdn.com/image/upload/f_auto,t_ds_w_1200,q_50/lsci/db/PICTURES/CMS/405100/405182.jpg",Batsman,0
Dewald Brevis,South Africa,Test,4,6,0,138,-,23.00,-,95.83,54,0,2,5,"",Batsman
Dewald Brevis,South Africa,Odi,9,9,1,230,-,28.75,-,143.75,54,0,1,4,"",Batsman
Dewald Brevis,South Africa,T20,15,15,2,400,0,30.76,0,180.18,125*,1,1,4,"https://img1.hscicdn.com/image/upload/f_auto,t_ds_w_1200,q_50/lsci/db/PICTURES/CMS/404900/404951.jpg",Batsman
Quenton de Kock,South Africa,Odi,161,161,8,7123,-,46.55,-,96.68,178,23,32,1,"",wicket-keeper
Quenton de Kock,South Africa,T20,96,95,9,2615,0,30.40,0,138.14,100,1,16,1,"https://img1.hscicdn.com/image/upload/f_auto,t_ds_w_1200,q_50/lsci/db/PICTURES/CMS/408500/408514.jpg",wicket-keeper
Donovan Ferreira,South Africa,Odi,1,1,0,3,2,3.00,26.50,27.27,3,0,0,6,"",Batsman
Donovan Ferreira,South Africa,T20,12,11,1,185,1,18.50,106.00,160.86,48,0,0,6,"https://img1.hscicdn.com/image/upload/f_auto,t_ds_w_1280,q_80/lsci/db/PICTURES/CMS/402100/402192.jpg",Batsman
Lhuan-dre Pretorius,South Africa,Odi,1,1,0,57,0,57.00,0,95.00,57,0,1,1,"",Batsman
Lhuan-dre Pretorius,South Africa,Test,2,3,0,235,0,78.33,0,92.88,153,1,1,3,"",wicket-keeper
Lhuan-dre Pretorius,South Africa,T20,12,12,0,157,0,13.08,0,121.70,51,0,1,3,"https://img1.hscicdn.com/image/upload/f_auto,t_ds_w_1200,q_50/lsci/db/PICTURES/CMS/402800/402861.jpg",wicket-keeper
Tim David,Australia,Odi,4,4,0,45,1,11.25,20,84.90,53,0,0,6,"",Batsman
Tim David,Australia,T20,68,58,14,1596,5,36.27,51.00,168.88,102*,1,9,6,"https://img1.hscicdn.com/image/upload/f_auto,t_ds_w_1200,q_50/lsci/db/PICTURES/CMS/404800/404868.jpg",Batsman
Jaker Ali,Bangladesh,Test,6,11,0,337,0,30.63,0,56.63,91,0,4,6,"",Batsman
Jaker Ali,Bangladesh,Odi,12,12,2,394,0,39.40,0,78.48,68,0,3,6,"",Batsman
Jaker Ali,Bangladesh,T20,47,42,13,732,0,25.24,0,123.02,72*,0,3,6,"https://img1.hscicdn.com/image/upload/f_auto,t_ds_w_1280,q_80/lsci/db/PICTURES/CMS/397100/397190.jpg",Batsman
Abhishek Sharma,India,T20,28,27,0,989,6,36.62,30.50,189.82,135,2,6,1,"https://img1.hscicdn.com/image/upload/f_auto,t_ds_w_1200,q_50/lsci/db/PICTURES/CMS/406900/406904.jpg",Batsman
Marcus Stoinis,Australia,T20,81,66,24,1338,49,31.85,25.67,147.51,78,0,6,7,"",Batsman
Rovman Powell,Windies,Odi,51,48,3,979,0,21.75,0,84.90,101,1,2,6,"",Batsman
Rovman Powell,Windies,T20,107,94,14,2068,5,25.85,43.40,142.32,107,1,9,6,"https://img1.hscicdn.com/image/upload/f_auto,t_ds_w_1200,q_50/lsci/db/PICTURES/CMS/390900/390990.jpg",Batsman
Sinethemba Qeshile,South Africa,Odi,1,1,0,22,0,22.00,0,95.65,22,0,0,5,"",Batsman
Tim Robinson,New Zealand,Odi,3,3,0,48,0,16.00,0,102.12,35,0,0,1,"https://img1.hscicdn.com/image/upload/f_auto,t_ds_wide_w_1280,q_70/lsci/db/PICTURES/CMS/407000/407056.6.jpg",Batsman
Tim Robinson,New Zealand,T20,23,20,3,540,0,31.76,0,138.81,106*,1,2,2,"",Batsman
Usman Khawaja,Australia,Test,85,153,14,6055,-,43.56,-,48.55,232,16,27,2,"",Batsman
Usman Khawaja,Australia,Odi,40,39,2,1554,-,42.00,-,84.09,104,2,12,2,"",Batsman
Usman Khawaja,Australia,T20,9,9,0,241,-,26.77,-,132.41,58,0,1,2,"",Batsman
Shan Masood,Pakistan,Test,44,84,1,2550,2,30.72,46,52.21,156,6,13,3,"",Batsman
Shan Masood,Pakistan,Odi,9,9,0,163,0,18.11,0,69.65,50,0,1,2,"https://img1.hscicdn.com/image/upload/f_auto,t_ds_w_1200,q_50/lsci/db/PICTURES/CMS/408100/408109.jpg",Batsman
Shan Masood,Pakistan,T20,19,17,4,395,0,30.38,0,121.91,65*,0,3,4,"",Batsman	
Shivam Dube,India,Odi,4,4,0,43,1,10.75,106,89.58,25,0,0,5,"https://img1.hscicdn.com/image/upload/f_auto,t_ds_w_1200,q_50/lsci/db/PICTURES/CMS/408900/408991.jpg",Batsman
Shivam Dube,India,T20,45,32,10,607,21,27.59,29.00,138.26,63*,0,4,5,"",Batsman
Glenn Maxwell,Australia,T20,125,115,18,2835,49,29.22,30.04,155.76,145*,5,12,5,"https://img1.hscicdn.com/image/upload/f_auto,t_ds_w_1200,q_50/lsci/db/PICTURES/CMS/405100/405109.jpg",Batsman
Jitesh Sharma,India,T20,11,9,1,125,0,15.62,0,147.05,35,0,0,5,"",wicket-keeper
Tilak Verma,India,T20,36,33,12,996,3,47.42,14.66,146.68,120*,2,4,4,"",Batsman
Tilak Verma,India,Odi,4,4,1,68,0,22.66,0,57.14,52,0,1,4,"https://img1.hscicdn.com/image/upload/f_auto,t_ds_w_1200,q_50/lsci/db/PICTURES/CMS/406900/406986.jpg",Batsman
Josh Phillipe,Australia,T20,14,13,0,160,0,12.30,0,108.84,45,0,0,5,"",wicket-keeper
Josh Phillipe,Australia,Odi,4,4,0,102,0,25.50,0,86.44,39,0,0,5,"https://img1.hscicdn.com/image/upload/f_auto,t_ds_w_1200,q_50/lsci/db/PICTURES/CMS/408000/408057.png",wicket-keeper
Dinesh Chandimal,Srilanka,Test,90,161,15,6361,0,43.56,0,50.07,206*,16,34,6,"",wicket-keeper 
Dinesh Chandimal,Srilanka,Odi,157,142,21,3854,0,31.85,0,74.24,111,4,24,4,"https://img1.hscicdn.com/image/upload/f_auto,t_ds_w_1200,q_50/lsci/db/PICTURES/CMS/402700/402713.jpg",wicket-keeper
Dinesh Chandimal,Srilanka,T20,69,62,7,1066,0,19.38,0,103.49,66*,0,6,4,"",wicket-keeper
Nishan Madushka,Srilanka,Odi,8,7,0,182,0,26.00,0,80.88,69,0,2,6,"https://img1.hscicdn.com/image/upload/f_auto,t_ds_w_1200,q_50/lsci/db/PICTURES/CMS/389500/389526.jpg",wicket-keeper
Nishan Madushka,Srilanka,Test,10,18,1,571,0,33.58,0,55.43,205,1,2,7,"",wicket-keeper
Mitchell Hay,New Zealand,T20,12,10,2,89,0,11.12,0,125.35,41*,0,0,5,"",wicket-keeper
Mitchell Hay,New Zealand,Odi,7,5,1,166,0,41.50,0,104.40,99*,0,1,2,"https://img1.hscicdn.com/image/upload/f_auto,t_ds_w_1200,q_50/lsci/db/PICTURES/CMS/398600/398677.jpg",wicket-keeper
Amir Jangoo,Windies,Test,1,2,0,30,0,15.00,0,53.57,30,0,0,1,"",Batsman
Amir Jangoo,Windies,Odi,5,5,1,153,0,38.25,0,92.16,104*,1,0,1,"https://img1.hscicdn.com/image/upload/f_auto,t_ds_w_1200,q_50/lsci/db/PICTURES/CMS/392900/392912.jpg",Batsman
Amir Jangoo,Windies,T20,5,5,1,148,0,37.00,0,137.03,74*,0,1,1,"",Batsman
Kyle Verreynne,South Africa,Test,29,45,6,1196,-,30.66,-,57.03,136*,4,3,7,"",wicket-keeper
Kyle Verreynne,South Africa,Odi,19,16,2,533,0,38.07,0,90.64,95,0,5,5,"https://img1.hscicdn.com/image/upload/f_auto,t_ds_w_1200,q_50/lsci/db/PICTURES/CMS/394200/394234.jpg",wicket-keeper
Zubyr Hamza,South Africa,Test,8,16,0,307,0,19.18,0,41.59,62,0,1,4,"",Batsman
Zubyr Hamza,South Africa,Odi,1,1,0,56,0,56.00,0,70.88,56,0,1,4,"",Batsman
Cade Carmichael,Ireland,Test,1,2,0,64,0,32.00,0,46.71,59,0,1,3,"",Batsman 
Cade Carmichael,Ireland,Odi,3,2,0,64,0,32.00,0,78.04,48,0,0,3,"",Batsman 
Harry Tector,Ireland,Test,8,16,0,410,0,25.62,0,43.20,85,0,4,4,"",Batsman
Harry Tector,Ireland,Odi,54,49,6,1992,4,46.32,63.50,83.24,140,5,14,4,"",Batsman
Harry Tector,Ireland,T20,93,85,16,1767,10,25.60,20.50,123.13,96",0,8,3,"",Batsman
Lorcan Tucker,Ireland,Test,8,16,1,621,0,41.40,0,62.41,108,1,3,6,"",Batsman
Lorcan Tucker,Ireland,T20,86,80,8,1541,-,21.40,-,121.91,94*,0,10,4,"https://img1.hscicdn.com/image/upload/f_auto,t_ds_w_1200,q_50/lsci/db/PICTURES/CMS/380900/380928.jpg",wicket-keeper
Lorcan Tucker,Ireland,Odi,58,48,6,1054,0,25.09,0,83.78,85,0,5,6,"",wicket-keeper
Jordan Neill,Ireland,Test,1,2,0,66,0,33.00,0,58.40,36,0,0,6,"",Batsman
Mahmudul Hasan Joy,Bangladesh,Test,19,35,0,946,0,27.02,0,43.57,171,2,4,1,"https://img1.hscicdn.com/image/upload/f_auto,t_ds_w_1200,q_50/lsci/db/PICTURES/CMS/300200/300212.jpg",Batsman
Mahmudul Hasan Joy,Bangladesh,T20,3,2,0,5,0,2.50,0,50.00,5,0,0,1,"",Batsman
Shadman Islam,Bangladesh,Test,25,47,2,1287,0,28.60,0,48.31,120,2,7,2,"https://img1.hscicdn.com/image/upload/f_auto,t_ds_w_1200,q_50/lsci/db/PICTURES/CMS/402600/402662.jpg",Batsman
Mominul Haque,Bangladesh,Test,74,137,10,4709,11,37.07,54.54,54.27,181,13,23,3,"",Batsman
Mominul Haque,Bangladesh,Odi,28,26,1,557,7,22.28,27.14,74.36,60,0,3,3,"https://img1.hscicdn.com/image/upload/f_auto,t_ds_w_1280,q_80/lsci/db/PICTURES/CMS/388200/388238.jpg",Batsman
Mominul Haque,Bangladesh,T20,6,4,1,60,0,20.00,0,120.00,26*,0,0,3,"",Batsman
Kamil Mishra,Srilanka,Odi,3,3,0,94,0,31.33,0,89.52,38,0,0,2,"https://img1.hscicdn.com/image/upload/f_auto,t_ds_w_1200,q_50/lsci/db/PICTURES/CMS/405900/405913.jpg",Batsman
Kamil Mishra,Srilanka,T20,15,15,2,371,0,28.53,0,129.72,76,0,3,2,"",Batsman
Sadeera Samarawickrama,Srilanka,Odi,55,50,5,1456,0,32.35,0,90.60,108,1,8,5,"",Batsman
Sadeera Samarawickrama,Srilanka,Test,9,14,1,308,0,23.69,0,75.67,104*,1,0,5,"",Batsman
Sadeera Samarawickrama,Srilanka,T20,19,18,2,310,0,19.37,0,109.92,61*,0,2,5,"",Batsman
Kamindu Mendis,Srilanka,Test,14,24,3,1316,3,62.66,37.33,63.79,182*,5,5,6,"",Batsman
Kamindu Mendis,Srilanka,Odi,27,26,6,527,6,26.35,54.33,80.70,64,0,3,6,"",Batsman
Kamindu Mendis,Srilanka,T20,35,31,3,540,3,19.28,66.66,124.71,65*,0,3,6,"",Batsman
Janith Liyanage,Srilanka,Odi,31,26,6,910,3,45.50,114.66,85.93,101*,1,7,7,"https://img1.hscicdn.com/image/upload/f_auto,t_ds_w_1200,q_50/lsci/db/PICTURES/CMS/377900/377929.jpg",Batsman
Janith Liyanage,Srilanka,T20,10,9,4,157,-,31.40,-,104.66,41*,0,0,6,"",Batsman
Pavan Rathnayake,Srilanka,Odi,1,1,0,32,0,32.00,0,86.48,32,0,0,5,"",Batsman
Zak Crawley,England,Test,61,111,2,3433,-,31.49,-,65.86,267,5,20,1,"",Batsman
Zak Crawley,England,Odi,8,8,1,199,0,28.42,0,97.07,58*,0,2,1,"https://img1.hscicdn.com/image/upload/f_auto,t_ds_w_1200,q_50/lsci/db/PICTURES/CMS/404500/404560.jpg",Batsman
Ollie Pope,England,Test,63,111,5,3712,-,35.01,-,64.51,205,9,16,3,"",Batsman
Jake Weatherald,Australia,Test,2,4,1,112,-,37.33,-,81.75,72,0,1,1,"https://img1.hscicdn.com/image/upload/f_auto,t_ds_w_1200,q_50/lsci/db/PICTURES/CMS/409300/409392.jpg",Batsman
Brian Bennett,Zimbabwe,Test,11,19,2,509,6,29.94,55.83,71.48,139,2,2,1,"",Batsman
Brian Bennett,Zimbabwe,Odi,11,11,0,348,-,31.63,-,96.13,169,1,0,1,"",Batsman
Brian Bennett,Zimbabwe,T20,52,52,2,1596,6,31.92,26.83,145.48,111,1,9,1,"",Batsman
Tadiwanashe Marumani,Zimbabwe,Odi,21,19,2,225,-,13.23,-,65.78,45,0,0,2,"https://img1.hscicdn.com/image/upload/f_auto,t_ds_w_1200,q_50/lsci/db/PICTURES/CMS/380300/380382.jpg",Batsman
Tadiwanashe Marumani,Zimbabwe,T20,61,61,3,1145,-,19.74,-,128.07,86,0,7,2,"",Batsman
Brenden Taylor,Zimbabwe,Test,36,71,4,2403,-,35.86,-,55.88,171,6,12,4,"",wicket-keeper
Brenden Taylor,Zimbabwe,Odi,207,205,15,6704,9,35.28,45.11,76.52,145*,11,39,4,"",wicket-keeper
Brenden Taylor,Zimbabwe,T20,58,56,6,1185,1,23.70,17.00,122.92,123,1,6,3,"",wicket-keeper
Tashinga Musekiwa,Zimbabwe,T20,36,32,13,352,-,18.52,-,128.93,28,0,0,5,"",Batsman
Rutraj Gaikwa,India,Odi,9,8,0,228,-,28.50,-,89.76,105,1,1,4,"https://img1.hscicdn.com/image/upload/f_auto,t_ds_w_1200,q_50/lsci/db/PICTURES/CMS/410000/410026.jpg",Batsman
Rutraj Gaikwa,India,T20,23,20,4,633,-,39.56,-,143.53,123*,1,4,2,"",Batsman
Tom Blundell,New Zealand,Test,43,71,7,2169,-,33.89,-,53.44,138,5,11,6,"",wicket-keeper
Tom Blundell,New Zealand,Odi,12,12,3,266,-,29.55,-,86.64,68,0,2,5,"https://img1.hscicdn.com/image/upload/f_auto,t_ds_w_1200,q_50/lsci/db/PICTURES/CMS/392600/392609.jpg",wicket-keeper
Tom Blundell,New Zealand,T20,9,8,2,91,-,15.16,-,96.80,30*,0,0,5,"",wicket-keeper
John Campbell,Windies,Test,27,54,6,1215,0,25.31,-,52.73,115,1,3,1,"",Batsman
John Campbell,Windies,Odi,9,8,0,282,-,35.25,-,106.81,179,1,0,1,"https://img1.hscicdn.com/image/upload/f_auto,t_ds_w_1200,q_50/lsci/db/PICTURES/CMS/407700/407740.jpg",Batsman
John Campbell,Windies,T20,2,2,0,11,-,5.50,-,68.75,11,0,0,1,"",Batsman
Tagenarine Chanderpaul,Windies,Test,13,25,2,670,-,29.13,-,37.68,207*,1,2,2,"https://img1.hscicdn.com/image/upload/f_auto,t_ds_w_1200,q_50/lsci/db/PICTURES/CMS/407000/407004.jpg",Batsman
Tevin Imlach,Windies,Test,5,10,0,127,-,12.70,-,39.81,35,0,0,7,"https://img1.hscicdn.com/image/upload/f_auto,t_ds_wide_w_1280,q_70/lsci/db/PICTURES/CMS/409700/409795.6.jpg",wicket-keeper
Kavem Hodge,Windies,Test,12,24,0,591,2,24.62,52.50,49.53,120,1,3,3,"https://img1.hscicdn.com/image/upload/f_auto,t_ds_w_1280,q_80/lsci/db/PICTURES/CMS/410400/410411.jpg",Batsman
Kavem Hodge,Windies,Odi,4,3,0,37,2,12.33,56.50,78.72,26,0,0,3,"",Batsman"
Dhananjaya de Silva,Srilanka,T20,47,46,4,879,17,20.92,20.76,116.26,0,3,4,"",Batsman
Dhananjaya de Silva,Srilanka,Test,65,115,9,4133,43,38.99,53.51,58.30,173,12,19,4,"",Batsman
Dhananjaya de Silva,Srilanka,Odi,90,82,10,1865,44,25.90,43.34,78.59,93,0,10,4,"",Batsman
Khawaja Nafay,Pakistan,T20,	1,1,0,26,-,26.00,-,173.33,26,0,0,1,"https://img1.hscicdn.com/image/upload/f_auto,t_ds_w_1200,q_50/lsci/db/PICTURES/CMS/376300/376376.jpg",wicket-keeper
Aarif Sheikh,Nepal,Odi,65,56,6,1405,9,28.10,79.33,65.34,84,0,9,1,"",Batsman
Aarif Sheikh,Nepal,T20,45,36,7,553,4,19.06,33.00,112.39,39*,0,0,1,"",Batsman
Aasif Sheikh,Nepal,Odi,63,63,5,1677,-,28.91,-,76.40,110,1,13,2,"",wicket-keeper
Aasif Sheikh,Nepal,T20,68,67,3,1639,-,25.60,-,120.51,69,0,10,2,"https://img1.hscicdn.com/image/upload/f_auto,t_ds_w_1200,q_50/lsci/db/PICTURES/CMS/366600/366640.jpg",wicket-keeper
Dipendra Singh Airee,Nepal,Odi,68,64,7,1241,42,21.77,35.33,74.31,105,1,5,4,"",Batsman	
Dipendra Singh Airee,Nepal,T20,90,78,17,1956,58,32.06,19.32,139.11,110*,1,1,4,"https://img1.hscicdn.com/image/upload/f_auto,t_ds_w_1200,q_50/lsci/db/PICTURES/CMS/273900/273985.jpg",Batsman
Basir Ahmed,Nepal,T20,7,4,2,123,2,61.50,24.50,135.16,80,0,1,5,"",Batsman
Basir Ahmed,Nepal,Odi,4,3,0,14,2,4.66,35.50,36.84,11,0,0,5,"",Batsman
Kushal Bhurtel,Nepal,Odi,65,64,1,1454,17,23.07,27.58,80.64,115,1,9,2,"",Batsman
Kushal Bhurtel,Nepal,T20,70,68,6,1807,30,29.14,12.90,127.34,104*,1,13,2,"",Batsman
Sundeep Jora,Nepal,T20,38,32,6,489,-,18.80,-,120.14,63,0,4,4,"",Batsman
Sundeep Jora,Nepal,Odi,5,5,0,56,-,11.20,-,83.58,28,0,0,4,"",Batsman
Lokesh Bam,Nepal,T20,18,15,3,160,-,13.33,-,145.45,39*,0,0,6,"",Batsman
Darwish Rasooli,Afghanistan,T20,24,22,2,443,-,22.15,-,124.43,84,0,4,3,"https://img1.hscicdn.com/image/upload/f_auto,t_ds_w_1280,q_80/lsci/db/PICTURES/CMS/392900/392937.jpg",Batsman
Muhammad Ishaq,Afghanistan,T20,8,8,1,104,-,14.85,-,104.00,32,0,0,4,"https://img1.hscicdn.com/image/upload/f_auto,t_ds_w_1200,q_50/lsci/db/PICTURES/CMS/382200/382224.jpg",wicket-keeper
Navneet Dhaliwal,Canada,Odi,18,17,0,456,0,26.82,-,57.07,87,0,4,4,"",Batsman
Navneet Dhaliwal,Canada,T20,45,43,6,1197,4,32.35,14.75,129.26,70*,0,9,4,"",Batsman	
Shreyas Movva,Canada,Odi,24,22,6,468,-,29.25,-,64.28,68,0,3,2,"",wicket-keeper
Shreyas Movva,Canada,T20,24,20,5,346,-,23.06,-,108.12,37,0,0,2,"",wicket-keeper
Ravinderpal Singh,Canada,Odi,6,6,1,98,-,19.60,-,81.66,34,0,0,3,"",Batsman
Ravinderpal Singh,Canada,T20,43,36,7,701,2,24.17,14.50,141.04,101,1,1,3,"",Batsman
Yuvraj Sharma,Canada,Odi,8,7,0,172,-,24.57,-,67.18,53,0,1,1,"",Batsman
Yuvraj Sharma,Canada,T20,16,15,3,442,2,36.83,6.5,160.72,63,0,3,1,"",Batsman
Kanwarpal Tathgur,Canada,T20,14,11,2,145,-,16.11,-,111.53,53*,0,1,2,"",Batsman
Tom Banton,England,T20,24,21,3,451,-,25.05,-,152.88,73,0,2,3,"",Batsman
Tom Banton,England,Odi,7,6,0,172,-,28.66,-,92.47,58,0,1,4,"https://img1.hscicdn.com/image/upload/f_auto,t_ds_w_1200,q_50/lsci/db/PICTURES/CMS/408100/408129.jpg",Batsman
Clive Madande,Zimbabwe,Test,1,2,0,10,-,5.00,-,32.25,10,0,0,2,"",wicket-keeper
Clive Madande,Zimbabwe,Odi,17,13,1,287,-,23.91,-,75.52,74,0,1,2,"",wicket-keeper
Clive Madande,Zimbabwe,T20,40,33,6,467,-,17.29,-,110.14,53*,0,1,2,"",wicket-keeper
Dion Myers,Zimbabwe,Test,5,10,0,174,-,17.40,-,40.55,57,0,1,2,"",Batsman
Dion Myers,Zimbabwe,Odi,10,10,0,154,1,15.40,13.00,67.84,34,0,0,2,"https://img1.hscicdn.com/image/upload/f_auto,t_ds_w_1200,q_50/lsci/db/PICTURES/CMS/384600/384667.jpg",Batsman
Dion Myers,Zimbabwe,T20,31,30,3,568,0,21.03,-124.28,96,0,2,2,"",Batsman
Jatinder Sing,Oman,Odi,61,60,2,1704,1,29.37,37.00,73.38,118*,4,9,4,"",Batsman
Jatinder Sing,Oman,T20,72,72,7,1605,0,24.69,-,120.58,73*,0,9,4,"",Batsman
Hammad Mirza,Oman,Odi,11,11,1,268,-,26.80,-,68.36,77,0,2,2,"",wicket-keeper
Hammad Mirza,Oman,T20,23,23,2,406,-,19.33,-,108.26,62*,0,3,2,"",wicket-keeper
Vinayak Shukla,Oman,Odi,8,7,1,144,-,24.00,-,84.21,46,0,0,3,"",wicket-keeper
Vinayak Shukla,Oman,T20,19,18,5,409,-,31.46,-,140.54,52*,0,2,3,"",wicket-keeper
Jan Balt,Namabia,Odi,3,3,1,35,0,17.50,-,58.33,35*,0,0,4,"",Batsman
Jan Balt,Namabia,T20,6,4,1,43,2,14.33,35.00,79.6,22,0,0,4,"",Batsman
Zane Green,Namabia,Odi,51,44,3,942,-,22.97,-,75.78,75*,0,3,5,"",wicket-keeper
Zane Green,Namabia,T20,73,50,15,620,-,17.71,-,109.15,52*,0,1,5,"",wicket-keeper
Malan Kruger,Namabia,T20,28,26,2,402,-,16.75,-,105.23,59*,0,1,1,"",Batsman
Malan Kruger,Namabia,Odi,18,17,0,393,-,23.11,-,69.68,80,0,2,1,"",Batsman
Dylan Leicher,Namabia,T20,14,10,5,106,3,21.20,38.66,89.83,42*,0,0,4,"",Batsman
Dylan Leicher,Namabia,Odi,5,4,1,111,1,37.00,71.00,68.09,58,0,1,4,"",Batsman
Louren Steenkamp,Namabia,T20,7,7,0,137,-,19.57,-,126.85,51,0,1,2,"",Batsman
Wayne Madsen,Italy,T20,7,7,1,205,-,34.16,-,132.25,61*,0,2,4,"",Batsman
Marcus Campopiano,Italy,T20,25,21,6,475,2,31.66,20.00,120.55,87*,0,3,8,"",Batsman
Anthony Mosca,Italy,T20,18,17,5,479,-,39.91,-,122.82,78,0,3,2,"",Batsman
Justin Mosca,Italy,T20,20,20,2,381,-,21.16,-,144.31,72,0,3,1,"",Batsman	
Syed Naqvi,Italy,T20,4,4,0,7,-,1.75,-,43.75,4,0,0,5,"",Batsman
Scott Edward,Netherlands,Odi,69,64,9,2108,-,38.32,-,87.65,86,0,20,4,"https://img1.hscicdn.com/image/upload/f_auto,t_ds_w_1200,q_50/lsci/db/PICTURES/CMS/383000/383052.jpg",wicket-keeper
Scott Edward,Netherlands,T20,82,73,19,1226,-,22.70,-,125.35,99,0,2,4,"",wicket-keeper
Noah Croes,Netherlands,Odi,21,19,2,390,-,22.94,-,79.75,50,0,1,5,"",Batsman
Noah Croes,Netherlands,T20,20,14,4,203,-,20.30,-,126.08,52*,0,1,5,"",Batsman
Michael Levitt,Netherlands,Odi,17,17,0,443,9,26.05,39.44,83.90,57,0,1,2,"",Batsman
Michael Levitt,Netherlands,T20,26,25,1,866,5,36.08,27.80,142.20,135,1,6,2,"",Batsman
Max O'Dowd,Netherlands,Odi,65,64,4,2153,1,35.88,149.00,75.38,158*,1,15,2,"",Batsman
Max O'Dowd,Netherlands,T20,87,84,7,2309,4,29.98,38.50,122.29,133*,1,16,2,"",Batsman
Colin Ackermann,Netherlands,Odi,21,19,1,505,4,28.05,35.60,76.39,81,0,4,5,"https://img1.hscicdn.com/image/upload/f_auto,t_ds_w_1200,q_50/lsci/db/PICTURES/CMS/370100/370114.jpg",Batsman
Colin Ackermann,Netherlands,T20,25,25,4,515,11,24.52,25.81,114.69,62,0,1,5,"",Batsman
Ross Adair,Ireland,T20,16,16,0,394,-,24.62,-,136.33,100,1,1,2,"https://img1.hscicdn.com/image/upload/f_auto,t_ds_w_1280,q_80/lsci/db/PICTURES/CMS/406300/406326.jpg",Batsman
Ben Calitz,Ireland,T20,5,5,1,76,-,19.00,-,124.59,22,0,0,5,"https://img1.hscicdn.com/image/upload/f_auto,t_ds_w_1200,q_50/lsci/db/PICTURES/CMS/406600/406676.jpg",Batsman
Tim Tector,Ireland,T20,5,4,0,94,-,23.50,-,149.20,38,0,0,2,"",Batsman
JJ Smuts,Italy,Odi,6,5,1,180,4,45.00,41.00,78.60,84,0,1,5,"",Batsman
JJ Smuts,Italy,T20,16,16,0,211,4,13.18,59.00,108.76,45,0,0,3,"",Batsman
Sanju Samson,India,T20,56,48,4,1072,-,24.36,-,147.86,111,3,3,2,"https://img1.hscicdn.com/image/upload/f_auto,t_ds_w_1200,q_50/lsci/db/PICTURES/CMS/410700/410769.jpg",wicket-keeper
Sanju Samson,India,T20,16,14,5,510,-,56.66,-,99.60,108,1,3,2,"https://img1.hscicdn.com/image/upload/f_auto,t_ds_w_1200,q_50/lsci/db/PICTURES/CMS/410700/410769.jpg",wicket-keeper
Muhammad Waseem,UAE,T20,91,91,5,3184,5,37.02,28.20,151.76,112,3,25,1,"https://img1.hscicdn.com/image/upload/f_auto,t_ds_w_1200,q_50/lsci/db/PICTURES/CMS/384200/384231.jpg",Batsman
Muhammad Waseem,UAE,Odi,65,65,0,1698,-,26.12,-,87.88,119,1,9,1,"https://img1.hscicdn.com/image/upload/f_auto,t_ds_w_1200,q_50/lsci/db/PICTURES/CMS/384200/384231.jpg",Batsman
Rahul Chopra,UAE,Odi,18,18,1,454,-,26.70,-,74.67,101,1,2,2,"https://img1.hscicdn.com/image/upload/f_auto,t_ds_w_1280,q_80/lsci/db/PICTURES/CMS/405500/405578.jpg",wicket-keeper
Rahul Chopra,UAE,T20,38,34,7,734,-,27.18,-,117.62,80,0,5,2,"https://img1.hscicdn.com/image/upload/f_auto,t_ds_w_1280,q_80/lsci/db/PICTURES/CMS/405500/405578.jpg",wicket-keeper
Harshit Kaushik,UAE,Odi,4,4,0,80,0,20.00,-,86.95,53,0,1,5,"",Batsman
Harshit Kaushik,UAE,T20,12,11,5,163,2,27.16,49.00,135.83,44*,0,0,5,"",Batsman
Muhammad Zohaib,UAE,T20,15,15,1,289,-,20.64,-,103.95,50,0,1,2,"",Batsman
Alishan Sharafu,UAE,Odi,28,26,0,433,0,16.65,-,72.28,58,0,1,3,"",Batsman 
Alishan Sharafu,UAE,T20,63,59,9,1650,0,33.00,-,134.47,90*,0,13,3,"",Batsman
Aryansh Sharma,UAE,Odi,22,22,0,470,-,21.36,-,76.92,98,0,3,4,"https://img1.hscicdn.com/image/upload/f_auto,t_ds_wide_w_1280,q_70/lsci/db/PICTURES/CMS/365700/365746.6.jpg",wicket-keeper
Aryansh Sharma,UAE,T20,16,16,1,378,-,25.20,-,109.24,60,0,3,4,"https://img1.hscicdn.com/image/upload/f_auto,t_ds_wide_w_1280,q_70/lsci/db/PICTURES/CMS/365700/365746.6.jpg",wicket-keeper
Shoaib Khan,UAE,Odi,4,4,0,56,-,14.00,-,60.21,29,0,0,5,"",Batsman
Shoaib Khan,UAE,T20,1,1,0,11,-,11.00,-,110.00,11,0,0,5,"",Batsman
Cooper Connolly,Australia,Test,1,1,0,4,0,4.00,-,66.66,4,0,0,5,"https://img1.hscicdn.com/image/upload/f_auto,t_ds_w_1200,q_50/lsci/db/PICTURES/CMS/411900/411993.jpg",Batsman
Cooper Connolly,Australia,Odi,8,5,2,94,6,31.33,22.83,73.43,61*,0,1,5,"https://img1.hscicdn.com/image/upload/f_auto,t_ds_w_1200,q_50/lsci/db/PICTURES/CMS/411900/411993.jpg",Batsman
Cooper Connolly,Australia,T20,7,3,0,13,1,4.33,101.00,108.33,13,0,0,5,"https://img1.hscicdn.com/image/upload/f_auto,t_ds_w_1200,q_50/lsci/db/PICTURES/CMS/411900/411993.jpg",Batsman
Ishan Kishan,India,Test,2,3,2,78,-,78.00,-,85.71,52*,0,1,7,"https://img1.hscicdn.com/image/upload/f_auto,t_ds_w_1200,q_50/lsci/db/PICTURES/CMS/412300/412371.jpg",wicket-keeper
Ishan Kishan,India,Odi,27,24,2,933,-,42.40,-,102.19,210,1,7,5,"https://img1.hscicdn.com/image/upload/f_auto,t_ds_w_1200,q_50/lsci/db/PICTURES/CMS/412300/412371.jpg",wicket-keeper
Ishan Kishan,India,T20,35,35,1,908,-,26.70,-,131.59,89,0,7,3,"https://img1.hscicdn.com/image/upload/f_auto,t_ds_w_1200,q_50/lsci/db/PICTURES/CMS/412300/412371.jpg",wicket-keeper
Rinku Sing,India,Odi,2,2,0,55,1,27.50,2.00,134.14,38,0,0,6,"https://img1.hscicdn.com/image/upload/f_auto,t_ds_w_1200,q_50/lsci/db/PICTURES/CMS/412200/412236.jpg",Batsman
Rinku Sing,India,T20,39,27,13,633,3,45.21,1.5,162.30,69*,0,3,6,"https://img1.hscicdn.com/image/upload/f_auto,t_ds_w_1200,q_50/lsci/db/PICTURES/CMS/412200/412236.jpg",Batsman
Monank Patel,USA,Odi,71,70,4,2288,-,34.66,-,81.04,130,3,18,2,"",wicket-keeper
Monank Patel,USA,T20,43,36,3,920,-,27.87,-,137.51,104,1,6,2,"",wicket-keeper
Andries Gous,USA,Odi,14,14,1,405,-,31.15,-,84.37,83,0,4,1,"",wicket-keeper
Andries Gous,USA,T20,25,24,1,751,-,32.65,-,145.26,81,0,6,1,"",wicket-keeper
Saiteja Mukkamalla,USA,Odi,37,36,4,1255,-,39.21,-,80.70,137*,3,7,1,"",wicket-keeper
Saiteja Mukkamalla,USA,T20,18,18,3,639,-,42.60,-,152.87,100*,1,5,1,"",wicket-keeper
Shayan Jahangir,USA,Odi,32,29,5,795,-,33.12,-,92.87,104,2,3,3,"",wicket-keeper
Shayan Jahangir,USA,T20,19,18,6,371,-,30.91,-,134.42,61,0,2,3,"",wicket-keeper
Shehan Jayasuriya,USA,Odi,12,10,1,195,3,21.66,92.33,71.42,96,0,1,4,"https://img1.hscicdn.com/image/upload/f_auto,t_ds_wide_w_1280,q_70/lsci/db/PICTURES/CMS/366000/366055.6.jpg",Batsman
Shehan Jayasuriya,USA,T20,18,16,0,241,3,15.06,71.00,108.55,40,0,0,4,"https://img1.hscicdn.com/image/upload/f_auto,t_ds_wide_w_1280,q_70/lsci/db/PICTURES/CMS/366000/366055.6.jpg",Batsman
Tim Siefert,New Zealand,Odi,4,3,0,59,-,19.66,-,105.35,26,0,0,1,"https://img1.hscicdn.com/image/upload/f_auto,t_ds_wide_w_1280,q_70/lsci/db/PICTURES/CMS/412500/412560.6.jpg",wicket-keeper
Tim Siefert,New Zealand,T20,80,75,10,1948,-,29.96,-,143.44,97*,0,13,1,"https://img1.hscicdn.com/image/upload/f_auto,t_ds_wide_w_1280,q_70/lsci/db/PICTURES/CMS/412500/412560.6.jpg",wicket-keeper
Finn Allen,New Zealand,T20,52,52,1,1285,-,25.19,-,163.27,137,2,5,1,"https://img1.hscicdn.com/image/upload/f_auto,t_ds_w_1200,q_50/lsci/db/PICTURES/CMS/398200/398263.jpg",Batsman
Finn Allen,New Zealand,Odi,22,21,0,582,-,27.71,-,93.26,96,0,5,1,"https://img1.hscicdn.com/image/upload/f_auto,t_ds_w_1200,q_50/lsci/db/PICTURES/CMS/398200/398263.jpg",Batsman
Mark Chapman,New Zealand,Odi,32,28,4,932,-,38.83,-,106.39,132,3,4,4,"https://img1.hscicdn.com/image/upload/f_auto,t_ds_w_1200,q_50/lsci/db/PICTURES/CMS/398500/398523.jpg",Batsman
Mark Chapman,New Zealand,T20,104,90,15,1980,4,26.40,24.75,135.06,104*,1,10,4,"https://img1.hscicdn.com/image/upload/f_auto,t_ds_w_1200,q_50/lsci/db/PICTURES/CMS/398500/398523.jpg",Batsman
Mayank Kumar,UAE,T20,3,3,1,32,-,16.00,-,80.00,17,0,0,1,"",Batsman
Mayank Kumar,UAE,T20,17,17,1,401,-,25.06,-,110.46,60,0,3,5,"",wicket-keeper
Mayank Kumar,UAE,Odi,22,22,0,470,-,21.36,-,76.92,98,0,3,5,"",wicket-keeper
Jason Smith,South Africa,T20,4,3,2,43,-,43.00,-,110.25,31,0,0,5,"",Batsman
Jason Smith,South Africa,Odi,3,3,0,132,-,44.00,-,88.59,91,0,1,5,"",Batsman
Jhonson Charles,Windies,T20,68,67,0,1525,-,22.76,-,129.34,118,1,5,1,"",Batsman
Jhonson Charles,Windies,T20,58,58,0,1537,-,26.50,-,85.24,130,2,7,1,"",Batsman
Shimron Hetmyer,Windies,Test,16,30,0,838,-,27.93,-,73.63,93,0,5,5,"https://img1.hscicdn.com/image/upload/f_auto,t_ds_wide_w_1280,q_70/lsci/db/PICTURES/CMS/412600/412610.6.jpg",Batsman
Shimron Hetmyer,Windies,Odi,57,52,3,1543,-,31.48,-,105.39,139,5,4,5,"https://img1.hscicdn.com/image/upload/f_auto,t_ds_wide_w_1280,q_70/lsci/db/PICTURES/CMS/412600/412610.6.jpg",Batsman
Shimron Hetmyer,Windies,T20,74,64,5,1297,-,21.98,-,131.54,81*,0,7,5,"https://img1.hscicdn.com/image/upload/f_auto,t_ds_wide_w_1280,q_70/lsci/db/PICTURES/CMS/412600/412610.6.jpg",Batsman
Quentin Sampson,Windies,T20,3,3,0,35,-,11.66,-,100.00,30,0,0,5,"",Batsman