player,Team,Format,matches,Innings,NO,runs,wickets,average,bowling_average,strike_rate,HS,100s,50s,batting_position,image_url,role,economy,total_balls_faced,total_overs_bowled,total_runs_conceded,total_fours,total_sixes,total_catches
Abhishek Sharma,India,T20,0,0,0,0,0,0.0,,0.0,0,0,0,0,0.0,,0.0,0,0.0,0,0,0,0
Ishan Kishan,India,T20,0,0,0,0,0,0.0,,0.0,0,0,0,0,0.0,,0.0,0,0.0,0,0,0,0
Rinku Sing,India,T20,0,0,0,0,0,0.0,,0.0,0,0,0,0,0.0,,0.0,0,0.0,0,0,0,0
Sanju Samson,India,T20,0,0,0,0,0,0.0,,0.0,0,0,0,0,0.0,,0.0,0,0.0,0,0,0,0
Tilak Verma,India,T20,0,0,0,0,0,0.0,,0.0,0,0,0,0,0.0,,0.0,0,0.0,0,0,0,0
Surya Kumar Yadav,India,T20,0,0,0,0,0,0.0,,0.0,0,0,0,0,0.0,,0.0,0,0.0,0,0,0,0
Jasprit Bumrah,India,T20,0,0,0,0,0,0.0,,0.0,0,0,0,0,0.0,,0.0,0,0.0,0,0,0,0
Varun Chakravarthy,India,T20,0,0,0,0,0,0.0,,0.0,0,0,0,0,0.0,,0.0,0,0.0,0,0,0,0
Arshdeep Sing,India,T20,0,0,0,0,0,0.0,,0.0,0,0,0,0,0.0,,0.0,0,0.0,0,0,0,0
Harshit Rana,India,T20,0,0,0,0,0,0.0,,0.0,0,0,0,0,0.0,,0.0,0,0.0,0,0,0,0
Kuldeep Yadav,India,T20,0,0,0,0,0,0.0,,0.0,0,0,0,0,0.0,,0.0,0,0.0,0,0,0,0
Axar Patel,India,T20,0,0,0,0,0,0.0,,0.0,0,0,0,0,0.0,,0.0,0,0.0,0,0,0,0
Hardik Pandya,India,T20,0,0,0,0,0,0.0,,0.0,0,0,0,0,0.0,,0.0,0,0.0,0,0,0,0
Washington Sundar,India,T20,0,0,0,0,0,0.0,,0.0,0,0,0,0,0.0,,0.0,0,0.0,0,0,0,0
Shivam Dube,India,T20,0,0,0,0,0,0.0,,0.0,0,0,0,0,0.0,,0.0,0,0.0,0,0,0,0
Jan Balt,Namiba,T20,0,0,0,0,0,0.0,,0.0,0,0,0,0,0.0,,0.0,0,0.0,0,0,0,0
Malan Kruger,Namiba,T20,0,0,0,0,0,0.0,,0.0,0,0,0,0,0.0,,0.0,0,0.0,0,0,0,0
Zane Green,Namiba,T20,0,0,0,0,0,0.0,,0.0,0,0,0,0,0.0,,0.0,0,0.0,0,0,0,0
Dylan Leicher,Namiba,T20,0,0,0,0,0,0.0,,0.0,0,0,0,0,0.0,,0.0,0,0.0,0,0,0,0
Louren Steenkamp,Namiba,T20,0,0,0,0,0,0.0,,0.0,0,0,0,0,0.0,,0.0,0,0.0,0,0,0,0
Jan Frylinck,Namiba,T20,0,0,0,0,0,0.0,,0.0,0,0,0,0,0.0,,0.0,0,0.0,0,0,0,0
JJ Smit,Namiba,T20,0,0,0,0,0,0.0,,0.0,0,0,0,0,0.0,,0.0,0,0.0,0,0,0,0
Jan Nicol Loftie-Eaton,Namiba,T20,0,0,0,0,0,0.0,,0.0,0,0,0,0,0.0,,0.0,0,0.0,0,0,0,0
Gerhard Erasmus,Namiba,T20,0,0,0,0,0,0.0,,0.0,0,0,0,0,0.0,,0.0,0,0.0,0,0,0,0
Ben Shikongo,Namiba,T20,0,0,0,0,0,0.0,,0.0,0,0,0,0,0.0,,0.0,0,0.0,0,0,0,0
Bernard Scholtz,Namiba,T20,0,0,0,0,0,0.0,,0.0,0,0,0,0,0.0,,0.0,0,0.0,0,0,0,0
Ruben Trumpelmann,Namiba,T20,0,0,0,0,0,0.0,,0.0,0,0,0,0,0.0,,0.0,0,0.0,0,0,0,0
Max Heingo,Namiba,T20,0,0,0,0,0,0.0,,0.0,0,0,0,0,0.0,,0.0,0,0.0,0,0,0,0
Jack Brassell,Namiba,T20,0,0,0,0,0,0.0,,0.0,0,0,0,0,0.0,,0.0,0,0.0,0,0,0,0
Willem Myburgh,Namiba,T20,0,0,0,0,0,0.0,,0.0,0,0,0,0,0.0,,0.0,0,0.0,0,0,0,0
Max ODowd,Netherlands,T20,1,1,0,5,0,5.0,,71.43,5,0,0,0,0.0,,0.0,7,0.0,0,0,0,0
Bas de Leede,Netherlands,T20,1,1,0,30,0,30.0,,120.0,30,0,0,0,0.0,,8.67,25,1.5,13,4,0,0
Scott Edward,Netherlands,T20,1,1,0,37,0,37.0,,127.59,37,0,0,0,0.0,,0.0,29,0.0,0,3,1,2
Noah Croes,Netherlands,T20,0,0,0,0,0,0.0,,0.0,0,0,0,0,0.0,,0.0,0,0.0,0,0,0,0
Michael Levitt,Netherlands,T20,1,1,0,24,0,24.0,,160.0,24,0,0,0,0.0,,0.0,15,0.0,0,3,1,1
Saqib Zulfiqar,Netherlands,T20,0,0,0,0,0,0.0,,0.0,0,0,0,0,0.0,,0.0,0,0.0,0,0,0,0
Roelof van der Merwe,Netherlands,T20,1,1,0,4,2,4.0,13.0,44.44,4,0,0,0,0.0,,4.33,9,6.0,13,0,0,2
Zach Lion-Cachet,Netherlands,T20,1,1,0,9,0,9.0,,112.5,9,0,0,0,0.0,,0.0,8,0.0,0,1,0,0
Fred Klaassen,Netherlands,T20,0,0,0,0,0,0.0,,0.0,0,0,0,0,0.0,,0.0,0,0.0,0,0,0,0
Aryan Dutt,Netherlands,T20,1,1,0,13,2,13.0,16.5,162.5,13,0,0,0,0.0,,8.25,8,4.0,33,2,0,0
Logan van Beek,Netherlands,T20,1,1,0,0,1,0.0,46.0,0.0,0,0,0,0,0.0,,11.5,1,4.0,46,0,0,0
Kyle Klein,Netherlands,T20,1,1,1,2,1,-,23.0,100.0,2,0,0,0,0.0,,7.67,2,3.0,23,0,0,1
Timm van der Gugten,Netherlands,T20,0,0,0,0,0,0.0,,0.0,0,0,0,0,0.0,,0.0,0,0.0,0,0,0,0
Paul van Meekeren,Netherlands,T20,1,1,0,0,2,0.0,10.0,0.0,0,0,0,0,0.0,,5.0,1,4.0,20,0,0,0
Saim Ayub,Pakistan,T20,1,1,0,24,2,24.0,3.5,184.62,24,0,0,0,0.0,,7.0,13,1.0,7,4,1,0
Sahibzada Farhan,Pakistan,T20,1,1,0,47,0,47.0,,151.61,47,0,0,0,0.0,,0.0,31,0.0,0,4,2,1
Khawaja Nafay,Pakistan,T20,0,0,0,0,0,0.0,,0.0,0,0,0,0,0.0,,0.0,0,0.0,0,0,0,0
Salman Agha,Pakistan,T20,1,1,0,12,0,12.0,,150.0,12,0,0,0,0.0,,0.0,8,0.0,0,3,0,2
Babar Azam,Pakistan,T20,1,1,0,15,0,15.0,0.0,83.33,15,0,0,0,0.0,0.0,0.0,18,0.0,0,1,0,1
Fakhar Zaman,Pakistan,T20,0,0,0,0,0,0.0,,0.0,0,0,0,0,0.0,Batsman,0.0,0,0.0,0,0,0,0
Usman Khan,Pakistan,T20,1,1,0,0,0,0.0,,0.0,0,0,0,0,0.0,,0.0,2,0.0,0,0,0,1
Usman Tariq,Pakistan,T20,0,0,0,0,0,0.0,,0.0,0,0,0,0,0.0,,0.0,0,0.0,0,0,0,0
Shadab Khan,Pakistan,T20,1,1,0,8,0,8.0,,66.67,8,0,0,0,0.0,,6.5,12,4.0,26,0,0,0
Muhammad Nawaz,Pakistan,T20,1,1,0,6,2,6.0,19.0,46.15,6,0,0,0,0.0,,9.5,13,4.0,38,0,0,0
Faheem Ashraf,Pakistan,T20,1,1,1,29,0,-,,263.64,29,0,0,0,0.0,,0.0,11,0.0,0,2,3,0
Muhammad Salman Mirza,Pakistan,T20,1,0,0,0,3,0.0,8.0,0.0,0,0,0,0,0.0,,6.02,0,3.99,24,0,0,0
Shaheen Shah Afridi,Pakistan,T20,1,1,1,5,1,-,28.0,55.56,5,0,0,0,0.0,,9.33,9,3.0,28,0,0,1
Naseem Shah,Pakistan,T20,0,0,0,0,0,0.0,,0.0,0,0,0,0,0.0,,0.0,0,0.0,0,0,0,0
Abrar Ahmed,Pakistan,T20,1,0,0,0,2,0.0,11.5,0.0,0,0,0,0,0.0,,5.75,0,4.0,23,0,0,0
Shayan Jahangir,USA,T20,0,0,0,0,0,0.0,,0.0,0,0,0,0,0.0,,0.0,0,0.0,0,0,0,0
Shehan Jayasuriya,USA,T20,0,0,0,0,0,0.0,,0.0,0,0,0,0,0.0,,0.0,0,0.0,0,0,0,0
Harmeet Sing,USA,T20,0,0,0,0,0,0.0,,0.0,0,0,0,0,0.0,,0.0,0,0.0,0,0,0,0
Milind Kumar,USA,T20,0,0,0,0,0,0.0,,0.0,0,0,0,0,0.0,,0.0,0,0.0,0,0,0,0
Andries Gous,USA,T20,0,0,0,0,0,0.0,,0.0,0,0,0,0,0.0,,0.0,0,0.0,0,0,0,0
Saiteja Mukkamalla,USA,T20,0,0,0,0,0,0.0,,0.0,0,0,0,0,0.0,,0.0,0,0.0,0,0,0,0
Monank Patel,USA,T20,0,0,0,0,0,0.0,,0.0,0,0,0,0,0.0,,0.0,0,0.0,0,0,0,0
Shubham Ranjane,USA,T20,0,0,0,0,0,0.0,,0.0,0,0,0,0,0.0,,0.0,0,0.0,0,0,0,0
Shadley van Schalkwyk,USA,T20,0,0,0,0,0,0.0,,0.0,0,0,0,0,0.0,,0.0,0,0.0,0,0,0,0
Muhammad Mohsin,USA,T20,0,0,0,0,0,0.0,,0.0,0,0,0,0,0.0,,0.0,0,0.0,0,0,0,0
Sanjay Krishnamurthi,USA,T20,0,0,0,0,0,0.0,,0.0,0,0,0,0,0.0,,0.0,0,0.0,0,0,0,0
Jasdeep Singh,USA,T20,0,0,0,0,0,0.0,,0.0,0,0,0,0,0.0,,0.0,0,0.0,0,0,0,0
Ali Khan,USA,T20,0,0,0,0,0,0.0,,0.0,0,0,0,0,0.0,,0.0,0,0.0,0,0,0,0
Saurabh Netravalkar,USA,T20,0,0,0,0,0,0.0,,0.0,0,0,0,0,0.0,,0.0,0,0.0,0,0,0,0
Nosthush Kenjige,USA,T20,0,0,0,0,0,0.0,,0.0,0,0,0,0,0.0,,0.0,0,0.0,0,0,0,0
Travis Head,Australia,T20,0,0,0,0,0,0.0,,0.0,0,0,0,0,0.0,,0.0,0,0.0,0,0,0,0
Mitchell Marsh,Australia,T20,0,0,0,0,0,0.0,,0.0,0,0,0,0,0.0,,0.0,0,0.0,0,0,0,0
Josh Hazlewood,Australia,T20,0,0,0,0,0,0.0,,0.0,0,0,0,0,0.0,,0.0,0,0.0,0,0,0,0
Josh Ingilis,Australia,T20,0,0,0,0,0,0.0,,0.0,0,0,0,0,0.0,,0.0,0,0.0,0,0,0,0
Cooper Connolly,Australia,T20,0,0,0,0,0,0.0,,0.0,0,0,0,0,0.0,,0.0,0,0.0,0,0,0,0
Matthew Kuhnemann,Australia,T20,0,0,0,0,0,0.0,,0.0,0,0,0,0,0.0,,0.0,0,0.0,0,0,0,0
Adam Zampa,Australia,T20,0,0,0,0,0,0.0,,0.0,0,0,0,0,0.0,,0.0,0,0.0,0,0,0,0
Glenn Maxwell,Australia,T20,0,0,0,0,0,0.0,,0.0,0,0,0,0,0.0,,0.0,0,0.0,0,0,0,0
Marcus Stoinis,Australia,T20,0,0,0,0,0,0.0,,0.0,0,0,0,0,0.0,,0.0,0,0.0,0,0,0,0
Matt Short,Australia,T20,0,0,0,0,0,0.0,,0.0,0,0,0,0,0.0,,0.0,0,0.0,0,0,0,0
Camron Green,Australia,T20,0,0,0,0,0,0.0,,0.0,0,0,0,0,0.0,,0.0,0,0.0,0,0,0,0
Xavier Bartlett,Australia,T20,0,0,0,0,0,0.0,,0.0,0,0,0,0,0.0,,0.0,0,0.0,0,0,0,0
Nathan Ellis,Australia,T20,0,0,0,0,0,0.0,,0.0,0,0,0,0,0.0,,0.0,0,0.0,0,0,0,0
Tim David,Australia,T20,0,0,0,0,0,0.0,,0.0,0,0,0,0,0.0,,0.0,0,0.0,0,0,0,0
Ross Adair,Ireland,T20,0,0,0,0,0,0.0,,0.0,0,0,0,0,0.0,,0.0,0,0.0,0,0,0,0
Ben Calitz,Ireland,T20,0,0,0,0,0,0.0,,0.0,0,0,0,0,0.0,,0.0,0,0.0,0,0,0,0
Harry Tector,Ireland,T20,0,0,0,0,0,0.0,,0.0,0,0,0,0,0.0,,0.0,0,0.0,0,0,0,0
Tim Tector,Ireland,T20,0,0,0,0,0,0.0,,0.0,0,0,0,0,0.0,,0.0,0,0.0,0,0,0,0
Lorcan Tucker,Ireland,T20,0,0,0,0,0,0.0,,0.0,0,0,0,0,0.0,,0.0,0,0.0,0,0,0,0
Paul Striling,Ireland,T20,0,0,0,0,0,0.0,,0.0,0,0,0,0,0.0,,0.0,0,0.0,0,0,0,0
Mark Adair,Ireland,T20,0,0,0,0,0,0.0,,0.0,0,0,0,0,0.0,,0.0,0,0.0,0,0,0,0
Curtis Campher,Ireland,T20,0,0,0,0,0,0.0,,0.0,0,0,0,0,0.0,,0.0,0,0.0,0,0,0,0
Gareth Delany,Ireland,T20,0,0,0,0,0,0.0,,0.0,0,0,0,0,0.0,,0.0,0,0.0,0,0,0,0
George Dockrell,Ireland,T20,0,0,0,0,0,0.0,,0.0,0,0,0,0,0.0,,0.0,0,0.0,0,0,0,0
Matthew Humphreys,Ireland,T20,0,0,0,0,0,0.0,,0.0,0,0,0,0,0.0,,0.0,0,0.0,0,0,0,0
Ben White,Ireland,T20,0,0,0,0,0,0.0,,0.0,0,0,0,0,0.0,,0.0,0,0.0,0,0,0,0
Josh Little,Ireland,T20,0,0,0,0,0,0.0,,0.0,0,0,0,0,0.0,,0.0,0,0.0,0,0,0,0
Craig Young,Ireland,T20,0,0,0,0,0,0.0,,0.0,0,0,0,0,0.0,,0.0,0,0.0,0,0,0,0
Barry McCarthy,Ireland,T20,0,0,0,0,0,0.0,,0.0,0,0,0,0,0.0,,0.0,0,0.0,0,0,0,0
Jatinder Sing,Oman,T20,0,0,0,0,0,0.0,,0.0,0,0,0,0,0.0,,0.0,0,0.0,0,0,0,0
Vinayak Shukla,Oman,T20,0,0,0,0,0,0.0,,0.0,0,0,0,0,0.0,,0.0,0,0.0,0,0,0,0
Muhammad Nadeem,Oman,T20,0,0,0,0,0,0.0,,0.0,0,0,0,0,0.0,,0.0,0,0.0,0,0,0,0
Shakeel Ahmed,Oman,T20,0,0,0,0,0,0.0,,0.0,0,0,0,0,0.0,,0.0,0,0.0,0,0,0,0
Hammad Mirza,Oman,T20,0,0,0,0,0,0.0,,0.0,0,0,0,0,0.0,,0.0,0,0.0,0,0,0,0
Wasim Ali,Oman,T20,0,0,0,0,0,0.0,,0.0,0,0,0,0,0.0,,0.0,0,0.0,0,0,0,0
Karan Sonavale,Oman,T20,0,0,0,0,0,0.0,,0.0,0,0,0,0,0.0,,0.0,0,0.0,0,0,0,0
Shah Faisal,Oman,T20,0,0,0,0,0,0.0,,0.0,0,0,0,0,0.0,,0.0,0,0.0,0,0,0,0
Nadeem Khan,Oman,T20,0,0,0,0,0,0.0,,0.0,0,0,0,0,0.0,,0.0,0,0.0,0,0,0,0
Sufyan Mehmood,Oman,T20,0,0,0,0,0,0.0,,0.0,0,0,0,0,0.0,,0.0,0,0.0,0,0,0,0
Jay Odedra,Oman,T20,0,0,0,0,0,0.0,,0.0,0,0,0,0,0.0,,0.0,0,0.0,0,0,0,0
Shafiq Jan,Oman,T20,0,0,0,0,0,0.0,,0.0,0,0,0,0,0.0,,0.0,0,0.0,0,0,0,0
Jiten Ramanandi,Oman,T20,0,0,0,0,0,0.0,,0.0,0,0,0,0,0.0,,0.0,0,0.0,0,0,0,0
Hasnain Shah,Oman,T20,0,0,0,0,0,0.0,,0.0,0,0,0,0,0.0,,0.0,0,0.0,0,0,0,0
Dasun Shanaka,Srilanka,T20,0,0,0,0,0,0.0,,0.0,0,0,0,0,0.0,,0.0,0,0.0,0,0,0,0
Wanindu Hasaranga,Srilanka,T20,0,0,0,0,0,0.0,,0.0,0,0,0,0,0.0,,0.0,0,0.0,0,0,0,0
Maheesh Theekshana,Srilanka,T20,0,0,0,0,0,0.0,,0.0,0,0,0,0,0.0,,0.0,0,0.0,0,0,0,0
Pathum Nissanka,Srilanka,T20,0,0,0,0,0,0.0,,0.0,0,0,0,0,0.0,,0.0,0,0.0,0,0,0,0
Dushmantha Chameera,Srilanka,T20,0,0,0,0,0,0.0,,0.0,0,0,0,0,0.0,,0.0,0,0.0,0,0,0,0
Kamindu Mendis,Srilanka,T20,0,0,0,0,0,0.0,,0.0,0,0,0,0,0.0,,0.0,0,0.0,0,0,0,0
Kusal Mendis,Srilanka,T20,0,0,0,0,0,0.0,,0.0,0,0,0,0,0.0,,0.0,0,0.0,0,0,0,0
Kusal Pareera,Srilanka,T20,0,0,0,0,0,0.0,,0.0,0,0,0,0,0.0,,0.0,0,0.0,0,0,0,0
Tharindu Ratnayake,Srilanka,T20,0,0,0,0,0,0.0,,0.0,0,0,0,0,0.0,,0.0,0,0.0,0,0,0,0
Janith Liyanage,Srilanka,T20,0,0,0,0,0,0.0,,0.0,0,0,0,0,0.0,,0.0,0,0.0,0,0,0,0
Eshan Malinga,Srilanka,T20,0,0,0,0,0,0.0,,0.0,0,0,0,0,0.0,,0.0,0,0.0,0,0,0,0
Dunith Wellalage,Srilanka,T20,0,0,0,0,0,0.0,,0.0,0,0,0,0,0.0,,0.0,0,0.0,0,0,0,0
Kamil Mishra,Srilanka,T20,0,0,0,0,0,0.0,,0.0,0,0,0,0,0.0,,0.0,0,0.0,0,0,0,0
Charith Asalanka,Srilanka,T20,0,0,0,0,0,0.0,,0.0,0,0,0,0,0.0,,0.0,0,0.0,0,0,0,0
Sikander Raza,Zimbabwe,T20,0,0,0,0,0,0.0,,0.0,0,0,0,0,0.0,,0.0,0,0.0,0,0,0,0
Clive Madande,Zimbabwe,T20,0,0,0,0,0,0.0,,0.0,0,0,0,0,0.0,,0.0,0,0.0,0,0,0,0
Dion Myers,Zimbabwe,T20,0,0,0,0,0,0.0,,0.0,0,0,0,0,0.0,,0.0,0,0.0,0,0,0,0
Brenden Taylor,Zimbabwe,T20,0,0,0,0,0,0.0,,0.0,0,0,0,0,0.0,,0.0,0,0.0,0,0,0,0
Tadiwanashe Marumani,Zimbabwe,T20,0,0,0,0,0,0.0,,0.0,0,0,0,0,0.0,,0.0,0,0.0,0,0,0,0
Brian Bennett,Zimbabwe,T20,0,0,0,0,0,0.0,,0.0,0,0,0,0,0.0,,0.0,0,0.0,0,0,0,0
Brad Evans,Zimbabwe,T20,0,0,0,0,0,0.0,,0.0,0,0,0,0,0.0,,0.0,0,0.0,0,0,0,0
Ryan Burl,Zimbabwe,T20,0,0,0,0,0,0.0,,0.0,0,0,0,0,0.0,,0.0,0,0.0,0,0,0,0
Tony Munyonga,Zimbabwe,T20,0,0,0,0,0,0.0,,0.0,0,0,0,0,0.0,,0.0,0,0.0,0,0,0,0
Tashinga Musekiwa,Zimbabwe,T20,0,0,0,0,0,0.0,,0.0,0,0,0,0,0.0,,0.0,0,0.0,0,0,0,0
Graeme Cremer,Zimbabwe,T20,0,0,0,0,0,0.0,,0.0,0,0,0,0,0.0,,0.0,0,0.0,0,0,0,0
Tinotenda Maposa,Zimbabwe,T20,0,0,0,0,0,0.0,,0.0,0,0,0,0,0.0,,0.0,0,0.0,0,0,0,0
Blessing Muzzarabani,Zimbabwe,T20,0,0,0,0,0,0.0,,0.0,0,0,0,0,0.0,,0.0,0,0.0,0,0,0,0
Willington Maskadza,Zimbabwe,T20,0,0,0,0,0,0.0,,0.0,0,0,0,0,0.0,,0.0,0,0.0,0,0,0,0
Richard Nagrava,Zimbabwe,T20,0,0,0,0,0,0.0,,0.0,0,0,0,0,0.0,,0.0,0,0.0,0,0,0,0
Harry Brook,England,T20,0,0,0,0,0,0.0,,0.0,0,0,0,0,0.0,,0.0,0,0.0,0,0,0,0
Jofra Archer,England,T20,0,0,0,0,0,0.0,,0.0,0,0,0,0,0.0,,0.0,0,0.0,0,0,0,0
Adil Rashid,England,T20,0,0,0,0,0,0.0,,0.0,0,0,0,0,0.0,,0.0,0,0.0,0,0,0,0
Tom Banton,England,T20,0,0,0,0,0,0.0,,0.0,0,0,0,0,0.0,,0.0,0,0.0,0,0,0,0
Phil Salt,England,T20,0,0,0,0,0,0.0,,0.0,0,0,0,0,0.0,,0.0,0,0.0,0,0,0,0
Jos Buttler,England,T20,0,0,0,0,0,0.0,,0.0,0,0,0,0,0.0,,0.0,0,0.0,0,0,0,0
Ben Ducket,England,T20,0,0,0,0,0,0.0,,0.0,0,0,0,0,0.0,,0.0,0,0.0,0,0,0,0
Jacob Bethell,England,T20,0,0,0,0,0,0.0,,0.0,0,0,0,0,0.0,,0.0,0,0.0,0,0,0,0
Sam Curran,England,T20,0,0,0,0,0,0.0,,0.0,0,0,0,0,0.0,,0.0,0,0.0,0,0,0,0
Rehan Ahmed,England,T20,0,0,0,0,0,0.0,,0.0,0,0,0,0,0.0,,0.0,0,0.0,0,0,0,0
Will Jacks,England,T20,0,0,0,0,0,0.0,,0.0,0,0,0,0,0.0,,0.0,0,0.0,0,0,0,0
Jamie Overton,England,T20,0,0,0,0,0,0.0,,0.0,0,0,0,0,0.0,,0.0,0,0.0,0,0,0,0
Luke Wood,England,T20,0,0,0,0,0,0.0,,0.0,0,0,0,0,0.0,,0.0,0,0.0,0,0,0,0
Liam Dawson,England,T20,0,0,0,0,0,0.0,,0.0,0,0,0,0,0.0,,0.0,0,0.0,0,0,0,0
Josh Tounge,England,T20,0,0,0,0,0,0.0,,0.0,0,0,0,0,0.0,,0.0,0,0.0,0,0,0,0
Wayne Madsen,Italy,T20,0,0,0,0,0,0.0,,0.0,0,0,0,0,0.0,,0.0,0,0.0,0,0,0,0
Harry Manenti,Italy,T20,0,0,0,0,0,0.0,,0.0,0,0,0,0,0.0,,0.0,0,0.0,0,0,0,0
JJ Smuts,Italy,T20,0,0,0,0,0,0.0,,0.0,0,0,0,0,0.0,,0.0,0,0.0,0,0,0,0
Grant Stewart,Italy,T20,0,0,0,0,0,0.0,,0.0,0,0,0,0,0.0,,0.0,0,0.0,0,0,0,0
Ben Manenti,Italy,T20,0,0,0,0,0,0.0,,0.0,0,0,0,0,0.0,,0.0,0,0.0,0,0,0,0
Zain Ali,Italy,T20,0,0,0,0,0,0.0,,0.0,0,0,0,0,0.0,,0.0,0,0.0,0,0,0,0
Marcus Campopiano,Italy,T20,0,0,0,0,0,0.0,,0.0,0,0,0,0,0.0,,0.0,0,0.0,0,0,0,0
Crishan Kalugamage,Italy,T20,0,0,0,0,0,0.0,,0.0,0,0,0,0,0.0,,0.0,0,0.0,0,0,0,0
Thomas Draca,Italy,T20,0,0,0,0,0,0.0,,0.0,0,0,0,0,0.0,,0.0,0,0.0,0,0,0,0
Jaspreet Sing,Italy,T20,0,0,0,0,0,0.0,,0.0,0,0,0,0,0.0,,0.0,0,0.0,0,0,0,0
Syed Naqvi,Italy,T20,0,0,0,0,0,0.0,,0.0,0,0,0,0,0.0,,0.0,0,0.0,0,0,0,0
Anthony Mosca,Italy,T20,0,0,0,0,0,0.0,,0.0,0,0,0,0,0.0,,0.0,0,0.0,0,0,0,0
Justin Mosca,Italy,T20,0,0,0,0,0,0.0,,0.0,0,0,0,0,0.0,,0.0,0,0.0,0,0,0,0
Gian-Piero Meade,Italy,T20,0,0,0,0,0,0.0,,0.0,0,0,0,0,0.0,,0.0,0,0.0,0,0,0,0
Sandeep Lamichhane,Nepal,T20,0,0,0,0,0,0.0,,0.0,0,0,0,0,0.0,,0.0,0,0.0,0,0,0,0
Karan KC,Nepal,T20,0,0,0,0,0,0.0,,0.0,0,0,0,0,0.0,,0.0,0,0.0,0,0,0,0
Aarif Sheikh,Nepal,T20,0,0,0,0,0,0.0,,0.0,0,0,0,0,0.0,,0.0,0,0.0,0,0,0,0
Aasif Sheikh,Nepal,T20,0,0,0,0,0,0.0,,0.0,0,0,0,0,0.0,,0.0,0,0.0,0,0,0,0
Kushal Bhurtel,Nepal,T20,0,0,0,0,0,0.0,,0.0,0,0,0,0,0.0,,0.0,0,0.0,0,0,0,0
Sundeep Jora,Nepal,T20,0,0,0,0,0,0.0,,0.0,0,0,0,0,0.0,,0.0,0,0.0,0,0,0,0
Dipendra Singh Airee,Nepal,T20,0,0,0,0,0,0.0,,0.0,0,0,0,0,0.0,,0.0,0,0.0,0,0,0,0
Lokesh Bam,Nepal,T20,0,0,0,0,0,0.0,,0.0,0,0,0,0,0.0,,0.0,0,0.0,0,0,0,0
Rohit Paudel,Nepal,T20,0,0,0,0,0,0.0,,0.0,0,0,0,0,0.0,,0.0,0,0.0,0,0,0,0
Gulshan Jha,Nepal,T20,0,0,0,0,0,0.0,,0.0,0,0,0,0,0.0,,0.0,0,0.0,0,0,0,0
Sompal Kami,Nepal,T20,0,0,0,0,0,0.0,,0.0,0,0,0,0,0.0,,0.0,0,0.0,0,0,0,0
Lalit Rajbanshi,Nepal,T20,0,0,0,0,0,0.0,,0.0,0,0,0,0,0.0,,0.0,0,0.0,0,0,0,0
Nandan Yadav,Nepal,T20,0,0,0,0,0,0.0,,0.0,0,0,0,0,0.0,,0.0,0,0.0,0,0,0,0
Basir Ahmed,Nepal,T20,0,0,0,0,0,0.0,,0.0,0,0,0,0,0.0,,0.0,0,0.0,0,0,0,0
Richie Berrington,Scotland,T20,2,2,0,70,0,35.0,,125.0,35,0,0,0,0.0,,0.0,56,0.0,0,2,4,0
Tom Bruce,Scotland,T20,2,2,0,70,0,35.0,,125.0,35,0,0,0,0.0,,0.0,56,0.0,0,2,4,0
Matthew Cross,Scotland,T20,2,2,0,22,0,11.0,,100.0,11,0,0,0,0.0,,0.0,22,0.0,0,2,0,0
Michael Jones,Scotland,T20,2,2,0,2,0,1.0,,20.0,1,0,0,0,0.0,,0.0,10,0.0,0,0,0,0
Finlay McCreath,Scotland,T20,0,0,0,0,0,0.0,,0.0,0,0,0,0,0.0,,0.0,0,0.0,0,0,0,0
George Munsey,Scotland,T20,2,2,0,38,0,19.0,,126.67,19,0,0,0,0.0,,0.0,30,0.0,0,6,0,0
Michael Leask,Scotland,T20,2,2,0,0,2,0.0,41.0,0.0,0,0,0,0,0.0,,10.25,2,8.0,82,0,0,0
Brandon McMullen,Scotland,T20,2,2,0,28,0,14.0,,116.67,14,0,0,0,0.0,,7.0,24,2.0,14,2,2,2
Brad Currie,Scotland,T20,2,2,2,4,4,0.0,11.5,66.67,2,0,0,0,0.0,,5.75,6,8.0,46,0,0,0
Chris Greaves,Scotland,T20,0,0,0,0,0,0.0,,0.0,0,0,0,0,0.0,,0.0,0,0.0,0,0,0,0
Safyaan Sharif,Scotland,T20,2,2,0,0,2,0.0,46.0,0.0,0,0,0,0,0.0,,11.5,4,8.0,92,0,0,0
Mark Watt,Scotland,T20,3,3,0,45,0,15.0,,125.0,15,0,0,0,0.0,,9.5,36,12.0,114,6,0,0
Oliver Davidson,Scotland,T20,2,2,0,0,2,0.0,23.0,0.0,0,0,0,0,0.0,,7.67,2,6.0,46,0,0,0
Zainullah Ihsan,Scotland,T20,0,0,0,0,0,0.0,,0.0,0,0,0,0,0.0,,0.0,0,0.0,0,0,0,0
Shimron Hetmyer,Windies,T20,1,1,0,64,0,64.0,,188.24,64,0,0,0,0.0,,0.0,34,0.0,0,2,6,1
Jason Holder,Windies,T20,1,0,0,0,3,0.0,10.0,0.0,0,0,0,0,0.0,,7.69,0,3.9,30,0,0,1
Akeal Hossein,Windies,T20,1,0,0,0,0,0.0,,0.0,0,0,0,0,0.0,,13.0,0,2.0,26,0,0,0
Shai Hope,Windies,T20,1,1,0,19,0,19.0,,86.36,19,0,0,0,0.0,,0.0,22,0.0,0,2,0,0
Brandon King,Windies,T20,1,1,0,35,0,35.0,,116.67,35,0,0,0,0.0,,0.0,30,0.0,0,4,1,0
Roamrio Sephered,Windies,T20,1,1,1,6,5,0.0,4.0,200.0,6,0,0,0,0.0,,6.67,3,3.0,20,0,1,1
Sherfane Rutherford,Windies,T20,1,1,0,28,0,28.0,,215.38,28,0,0,0,0.0,,0.0,13,0.0,0,4,1,2
Rovman Powell,Windies,T20,1,1,0,24,0,24.0,,171.43,24,0,0,0,0.0,,0.0,14,0.0,0,1,2,0
Jhonson Charles,Windies,T20,0,0,0,0,0,0.0,,0.0,0,0,0,0,0.0,,0.0,0,0.0,0,0,0,0
Quentin Sampson,Windies,T20,0,0,0,0,0,0.0,,0.0,0,0,0,0,0.0,,0.0,0,0.0,0,0,0,0
Roston Chase,Windies,T20,0,0,0,0,0,0.0,,0.0,0,0,0,0,0.0,,0.0,0,0.0,0,0,0,0
Mathew Forde,Windies,T20,1,1,1,1,0,0.0,,50.0,1,0,0,0,0.0,,7.5,2,2.0,15,0,0,0
Gudakesh Motie,Windies,T20,1,0,0,0,1,0.0,29.0,0.0,0,0,0,0,0.0,,7.25,0,4.0,29,0,0,0
Shamar Joseph,Windies,T20,1,0,0,0,1,0.0,26.0,0.0,0,0,0,0,0.0,,6.5,0,4.0,26,0,0,1
Jaydean Seals,Windies,T20,0,0,0,0,0,0.0,,0.0,0,0,0,0,0.0,,0.0,0,0.0,0,0,0,0
SediqUllah Atal,Afghanistan,T20,0,0,0,0,0,0.0,,0.0,0,0,0,0,0.0,,0.0,0,0.0,0,0,0,0
Rashid Khan,Afghanistan,T20,0,0,0,0,0,0.0,,0.0,0,0,0,0,0.0,,0.0,0,0.0,0,0,0,0
Azmatullah Omar zai,Afghanistan,T20,0,0,0,0,0,0.0,,0.0,0,0,0,0,0.0,,0.0,0,0.0,0,0,0,0
Fazal Haq Farooqui,Afghanistan,T20,0,0,0,0,0,0.0,,0.0,0,0,0,0,0.0,,0.0,0,0.0,0,0,0,0
Ibrahim Zadran,Afghanistan,T20,0,0,0,0,0,0.0,,0.0,0,0,0,0,0.0,,0.0,0,0.0,0,0,0,0
Gulbadin Naib,Afghanistan,T20,0,0,0,0,0,0.0,,0.0,0,0,0,0,0.0,,0.0,0,0.0,0,0,0,0
Mujeeb ur Rehman,Afghanistan,T20,0,0,0,0,0,0.0,,0.0,0,0,0,0,0.0,,0.0,0,0.0,0,0,0,0
Noor Ahmed,Afghanistan,T20,0,0,0,0,0,0.0,,0.0,0,0,0,0,0.0,,0.0,0,0.0,0,0,0,0
Rahman Ulllah Gurbaz,Afghanistan,T20,0,0,0,0,0,0.0,,0.0,0,0,0,0,0.0,,0.0,0,0.0,0,0,0,0
Darwish Rasooli,Afghanistan,T20,0,0,0,0,0,0.0,,0.0,0,0,0,0,0.0,,0.0,0,0.0,0,0,0,0
Muhammad Ishaq,Afghanistan,T20,0,0,0,0,0,0.0,,0.0,0,0,0,0,0.0,,0.0,0,0.0,0,0,0,0
Shahid ullah,Afghanistan,T20,0,0,0,0,0,0.0,,0.0,0,0,0,0,0.0,,0.0,0,0.0,0,0,0,0
Abdollah Ahmadzai,Afghanistan,T20,0,0,0,0,0,0.0,,0.0,0,0,0,0,0.0,,0.0,0,0.0,0,0,0,0
Ziaur Rehman,Afghanistan,T20,0,0,0,0,0,0.0,,0.0,0,0,0,0,0.0,,0.0,0,0.0,0,0,0,0
Navneet Dhaliwal,Canada,T20,0,0,0,0,0,0.0,,0.0,0,0,0,0,0.0,,0.0,0,0.0,0,0,0,0
Ravinderpal Singh,Canada,T20,0,0,0,0,0,0.0,,0.0,0,0,0,0,0.0,,0.0,0,0.0,0,0,0,0
Yuvraj Sharma,Canada,T20,0,0,0,0,0,0.0,,0.0,0,0,0,0,0.0,,0.0,0,0.0,0,0,0,0
Kanwarpal Tathgur,Canada,T20,0,0,0,0,0,0.0,,0.0,0,0,0,0,0.0,,0.0,0,0.0,0,0,0,0
Dilpreet Bajwa,Canada,T20,0,0,0,0,0,0.0,,0.0,0,0,0,0,0.0,,0.0,0,0.0,0,0,0,0
Saad bin Zafar,Canada,T20,0,0,0,0,0,0.0,,0.0,0,0,0,0,0.0,,0.0,0,0.0,0,0,0,0
Nicholas Kirton,Canada,T20,0,0,0,0,0,0.0,,0.0,0,0,0,0,0.0,,0.0,0,0.0,0,0,0,0
Shivam Sharma,Canada,T20,0,0,0,0,0,0.0,,0.0,0,0,0,0,0.0,,0.0,0,0.0,0,0,0,0
Harsh Thaker,Canada,T20,0,0,0,0,0,0.0,,0.0,0,0,0,0,0.0,,0.0,0,0.0,0,0,0,0
Dilon Heyliger,Canada,T20,0,0,0,0,0,0.0,,0.0,0,0,0,0,0.0,,0.0,0,0.0,0,0,0,0
Kaleem Sana,Canada,T20,0,0,0,0,0,0.0,,0.0,0,0,0,0,0.0,,0.0,0,0.0,0,0,0,0
Ansh Patel,Canada,T20,0,0,0,0,0,0.0,,0.0,0,0,0,0,0.0,,0.0,0,0.0,0,0,0,0
Tim Siefert,New Zeland,T20,0,0,0,0,0,0.0,,0.0,0,0,0,0,0.0,,0.0,0,0.0,0,0,0,0
Devon Conway,New Zeland,T20,0,0,0,0,0,0.0,,0.0,0,0,0,0,0.0,,0.0,0,0.0,0,0,0,0
Finn Allen,New Zeland,T20,0,0,0,0,0,0.0,,0.0,0,0,0,0,0.0,,0.0,0,0.0,0,0,0,0
Matt Henry,New Zeland,T20,0,0,0,0,0,0.0,,0.0,0,0,0,0,0.0,,0.0,0,0.0,0,0,0,0
Daryll Mitchell,New Zeland,T20,0,0,0,0,0,0.0,,0.0,0,0,0,0,0.0,,0.0,0,0.0,0,0,0,0
Mark Champan,New Zeland,T20,0,0,0,0,0,0.0,,0.0,0,0,0,0,0.0,,0.0,0,0.0,0,0,0,0
Mitchell Santner,New Zeland,T20,0,0,0,0,0,0.0,,0.0,0,0,0,0,0.0,,0.0,0,0.0,0,0,0,0
Michael Bracewell,New Zeland,T20,0,0,0,0,0,0.0,,0.0,0,0,0,0,0.0,,0.0,0,0.0,0,0,0,0
Jacob Duffy,New Zeland,T20,0,0,0,0,0,0.0,,0.0,0,0,0,0,0.0,,0.0,0,0.0,0,0,0,0
Ish Sodh,New Zeland,T20,0,0,0,0,0,0.0,,0.0,0,0,0,0,0.0,,0.0,0,0.0,0,0,0,0
Rachin Ravindara,New Zeland,T20,0,0,0,0,0,0.0,,0.0,0,0,0,0,0.0,,0.0,0,0.0,0,0,0,0
James Neesham,New Zeland,T20,0,0,0,0,0,0.0,,0.0,0,0,0,0,0.0,,0.0,0,0.0,0,0,0,0
Lockie Fergueson,New Zeland,T20,0,0,0,0,0,0.0,,0.0,0,0,0,0,0.0,,0.0,0,0.0,0,0,0,0
Kyle Jamieson,New Zeland,T20,0,0,0,0,0,0.0,,0.0,0,0,0,0,0.0,,0.0,0,0.0,0,0,0,0
Quenton de Kock,South Africa,T20,0,0,0,0,0,0.0,,0.0,0,0,0,0,0.0,,0.0,0,0.0,0,0,0,0
Corbin Bosch,South Africa,T20,0,0,0,0,0,0.0,,0.0,0,0,0,0,0.0,,0.0,0,0.0,0,0,0,0
Kehshav Mahraj,South Africa,T20,0,0,0,0,0,0.0,,0.0,0,0,0,0,0.0,,0.0,0,0.0,0,0,0,0
George Linde,South Africa,T20,0,0,0,0,0,0.0,,0.0,0,0,0,0,0.0,,0.0,0,0.0,0,0,0,0
Kwena Maphaka,South Africa,T20,0,0,0,0,0,0.0,,0.0,0,0,0,0,0.0,,0.0,0,0.0,0,0,0,0
Aiden Makram,South Africa,T20,0,0,0,0,0,0.0,,0.0,0,0,0,0,0.0,,0.0,0,0.0,0,0,0,0
Tristan Stubbs,South Africa,T20,0,0,0,0,0,0.0,,0.0,0,0,0,0,0.0,,0.0,0,0.0,0,0,0,0
Jason Smith,South Africa,T20,0,0,0,0,0,0.0,,0.0,0,0,0,0,0.0,,0.0,0,0.0,0,0,0,0
Dewald Brevis,South Africa,T20,0,0,0,0,0,0.0,,0.0,0,0,0,0,0.0,,0.0,0,0.0,0,0,0,0
David Millar,South Africa,T20,0,0,0,0,0,0.0,,0.0,0,0,0,0,0.0,,0.0,0,0.0,0,0,0,0
Ryan Rickelton,South Africa,T20,0,0,0,0,0,0.0,,0.0,0,0,0,0,0.0,,0.0,0,0.0,0,0,0,0
Marco Jansen,South Africa,T20,0,0,0,0,0,0.0,,0.0,0,0,0,0,0.0,,0.0,0,0.0,0,0,0,0
Kagiso Rabada,South Africa,T20,0,0,0,0,0,0.0,,0.0,0,0,0,0,0.0,,0.0,0,0.0,0,0,0,0
Lungi Nigdi,South Africa,T20,0,0,0,0,0,0.0,,0.0,0,0,0,0,0.0,,0.0,0,0.0,0,0,0,0
Anrich Nortje,South Africa,T20,0,0,0,0,0,0.0,,0.0,0,0,0,0,0.0,,0.0,0,0.0,0,0,0,0
Muhammad Waseem,UAE,T20,0,0,0,0,0,0.0,,0.0,0,0,0,0,0.0,,0.0,0,0.0,0,0,0,0
Mayank Kumar,UAE,T20,0,0,0,0,0,0.0,,0.0,0,0,0,0,0.0,,0.0,0,0.0,0,0,0,0
Muhammad Zohaib,UAE,T20,0,0,0,0,0,0.0,,0.0,0,0,0,0,0.0,,0.0,0,0.0,0,0,0,0
Alishan Sharafu,UAE,T20,0,0,0,0,0,0.0,,0.0,0,0,0,0,0.0,,0.0,0,0.0,0,0,0,0
Aryansh Sharma,UAE,T20,0,0,0,0,0,0.0,,0.0,0,0,0,0,0.0,,0.0,0,0.0,0,0,0,0
Shoaib Khan,UAE,T20,0,0,0,0,0,0.0,,0.0,0,0,0,0,0.0,,0.0,0,0.0,0,0,0,0
Muhammad Farooq,UAE,T20,0,0,0,0,0,0.0,,0.0,0,0,0,0,0.0,,0.0,0,0.0,0,0,0,0
Harshit Kaushik,UAE,T20,0,0,0,0,0,0.0,,0.0,0,0,0,0,0.0,,0.0,0,0.0,0,0,0,0
Haider Ali,UAE,T20,0,0,0,0,0,0.0,,0.0,0,0,0,0,0.0,,0.0,0,0.0,0,0,0,0
Junaid Siddique,UAE,T20,0,0,0,0,0,0.0,,0.0,0,0,0,0,0.0,,0.0,0,0.0,0,0,0,0
Muhammad Arfan,UAE,T20,0,0,0,0,0,0.0,,0.0,0,0,0,0,0.0,,0.0,0,0.0,0,0,0,0
Muhammad Jawwadullah,UAE,T20,0,0,0,0,0,0.0,,0.0,0,0,0,0,0.0,,0.0,0,0.0,0,0,0,0
Muhammad Rohid,UAE,T20,0,0,0,0,0,0.0,,0.0,0,0,0,0,0.0,,0.0,0,0.0,0,0,0,0
Simranjeet Sing,UAE,T20,0,0,0,0,0,0.0,,0.0,0,0,0,0,0.0,,0.0,0,0.0,0,0,0,0
Colin Ackermann,Netherlands,T20,1,1,0,20,0,20.0,0.0,142.86,20,0,0,0,0.0,0.0,0.0,14,0.0,0,4,0,0
