player,year,Format,matches,innings,NO,runs,HS,average,SR,100s,50s
Babar Azam,2015,Odi,7,7,1,230,62*,38.33,89.14,0,3.0
Babar Azam,2016,Odi,20,25,4,1063,123,50.61,78.39,3,5.0
Babar Azam,2017,Odi,34,39,6,1408,125*,42.66,74.41,4,5.0
Babar Azam,2018,Odi,38,43,9,1688,127*,49.64,76.62,2,14.0
Babar Azam,2019,Odi,36,41,5,2082,115,57.83,90.2,6,13.0
Babar Azam,2020,Odi,15,15,3,835,143,69.58,85.9,2,7.0
Babar Azam,2021,Odi,43,45,2,1760,158,40.93,89.38,3,14.0
Babar Azam,2022,Odi,44,52,4,2598,196,54.12,74.24,8,17.0
Babar Azam,2023,Odi,35,37,2,1399,151,39.97,81.1,3,10.0
Babar Azam,2024,Odi,35,39,3,1168,75,32.44,91.75,0,9.0
Babar Azam,2025,Odi,30,35,3,1065,102*,33.28,72.54,1,8.0
Virat Kholi,2008,Odi,5,5,0,159,54,31.80,66.52,0,1.0
Virat Kholi,2009,Odi,10,8,2,325,107,54.16,84.41,1,2.0
Virat Kholi,2010,Odi,27,25,4,1021,118,48.61,85.79,3,7.0
Virat Kholi,2011,Odi,43,47,5,1644,117,39.14,76.85,4,10.0
Virat Kholi,2013,Odi,43,43,7,1913,119,53.13,78.11,6,10.0
Virat Kholi,2014,Odi,38,47,6,2286,169,55.75,83.27,8,12.0
Virat Kholi,2015,Odi,31,37,3,1307,147,38.44,65.84,4,3.0
Virat Kholi,2016,Odi,37,41,11,2595,235,86.50,80.91,7,13.0
Virat Kholi,2017,Odi,46,52,11,2818,243,68.73,92.15,11,10.0
Virat Kholi,2018,Odi,37,47,7,2735,160*,68.37,72.39,11,9.0
Virat Kholi,2019,Odi,44,46,8,2455,254*,64.60,90.55,7,14.0
Virat Kholi,2020,Odi,22,24,1,842,89,36.60,87.89,0,7.0
Virat Kholi,2021,Odi,24,30,4,964,80*,37.07,60.62,0,10.0
Virat Kholi,2022,Odi,37,42,7,1348,122*,38.51,85.102,11,
Virat Kholi,2023,Odi,35,36,5,2048,186,66.06,78.31,8,10.0
Virat Kholi,2024,Odi,23,32,2,655,100*,21.83,73.34,1,2.0
Virat Kholi,2025,Odi,14,15,3,674,135,56.16,88.91,3,4.0
Virat Kholi,India,Odi,2,2,0,116,93,58.00,96.66,0,1.0
Rohit Sharma,2007,Odi,9,6,3,149,52,49.66,110.37,0,2.0
Rohit Sharma,2008,Odi,29,29,7,540,70*,24.54,72.87,0,3.0
Rohit Sharma,2009,Odi,17,15,4,247,52*,22.45,86.97,0,1.0
Rohit Sharma,2010,Odi,20,18,3,598,114,39.86,91.29,2,2.0
Rohit Sharma,2011,Odi,19,19,5,691,95,49.35,86.48,0,7.0
Rohit Sharma,2012,Odi,27,22,4,284,68,15.77,83.52,0,2.0
Rohit Sharma,2013,Odi,33,34,5,1537,209,53.00,76.16,4,8.0
Rohit Sharma,2014,Odi,23,28,3,1015,264,40.60,77.65,1,6.0
Rohit Sharma,2015,Odi,26,32,1,1269,150,40.93,78.62,4,7.0
Rohit Sharma,2016,Odi,33,35,4,1349,171*,43.51,95.06,2,9.0
Rohit Sharma,2017,Odi,32,33,5,1793,208*,64.03,100.95,8,8.0
Rohit Sharma,2018,Odi,42,45,8,1804,162,48.75,99.22,7,7.0
Rohit Sharma,2019,Odi,47,47,1,2442,212,53.08,91.28,10,10.0
Rohit Sharma,2020,Odi,7,7,1,311,119,51.83,111.07,1,2.0
Rohit Sharma,2021,Odi,25,35,2,1420,161,43.03,62.69,2,9.0
Rohit Sharma,2022,Odi,39,40,4,995,76*,27.63,118.73,0,6.0
Rohit Sharma,2023,Odi,35,39,2,1800,131,48.64,89.86,4,11.0
Rohit Sharma,2024,Odi,28,40,3,1154,131,31.18,86.83,3,7.0
Rohit Sharma,2025,Odi,14,14,1,650,121*,50.00,100.46,2,4.0
Rohit Sharma,2025,Odi,2,2,0,50,26,25.00,74.62,0,0.0
Kane Williamson,2010,Odi,9,8,0,196,108,24.50,60.68,1,0.0
Kane Williamson,2011,Odi,9,8,4,270,100*,67.50,97.12,1,0.0
Kane Williamson,2012,Odi,15,13,0,356,69,27.38,71.77,0,3.0
Kane Williamson,2013,Odi,14,13,2,453,145*,41.18,81.76,1,3.0
Kane Williamson,2014,Odi,12,12,1,770,123,70.00,87.1,1,7.0
Kane Williamson,2015,Odi,27,26,2,1376,118,57.33,89.87,3,9.0
Kane Williamson,2016,Odi,18,18,1,699,118,41.11,81.75,1,5.0
Kane Williamson,2017,Odi,14,14,0,596,100,42.57,85.26,1,5.0
Kane Williamson,2018,Odi,11,11,1,468,115,46.80,75.97,2,1.0
Kane Williamson,2019,Odi,20,19,3,948,148,59.25,75.35,2,6.0
Kane Williamson,2020,Odi,2,2,0,41,22,20.50,71.92,0,0.0
Kane Williamson,2022,Odi,7,6,2,217,94*,54.25,64.58,0,1.0
Kane Williamson,2023,Odi,7,7,1,420,95,70.00,87.31,0,5.0
Kane Williamson,2025,Odi,10,10,1,446,133*,49.55,84.95,2,2.0
Steve Smith,2010,Odi,9,6,1,139,41,27.80,94.55,0,0.0
Steve Smith,2011,Odi,20,13,3,204,46*,20.40,82.59,0,0.0
Steve Smith,2012,Odi,3,2,0,29,21,14.50,87.87,0,0.0
Steve Smith,2013,Odi,1,1,0,8,8,8.00,72.72,0,0.0
Steve Smith,2014,Odi,12,12,1,541,104,49.18,88.39,2,3.0
Steve Smith,2015,Odi,19,17,2,805,105,53.66,86.09,2,5.0
Steve Smith,2016,Odi,26,25,2,1154,164,50.17,89.18,3,7.0
Steve Smith,2017,Odi,13,13,3,449,108*,44.90,82.23,1,4.0
Steve Smith,2018,Odi,5,5,0,102,45,20.40,68.91,0,0.0
Steve Smith,2019,Odi,10,10,0,379,85,37.90,85.94,0,4.0
Steve Smith,2020,Odi,10,9,0,568,131,63.11,106.56,3,2.0
Steve Smith,2022,Odi,11,11,3,539,105,67.37,81.29,1,4.0
Steve Smith,2023,Odi,16,15,1,439,74,31.35,83.14,0,3.0
Steve Smith,2024,Odi,10,10,3,306,79*,43.71,85.95,0,2.0
Steve Smith,2025,Odi,5,5,1,138,73,34.50,78.85,0,1.0
Joe Root,2013,Odi,20,19,3,626,79*,39.12,82.15,0,4.0
Joe Root,2014,Odi,23,22,2,872,113,43.60,78.34,3,3.0
Joe Root,2015,Odi,20,18,1,723,121,42.52,91.98,3,4.0
Joe Root,2016,Odi,15,14,1,796,125,61.23,91.81,2,6.0
Joe Root,2017,Odi,19,18,4,983,133*,70.21,92.12,2,7.0
Joe Root,2018,Odi,24,24,8,946,113*,59.12,83.93,3,5.0
Joe Root,2019,Odi,22,20,2,910,107,50.55,92.85,3,4.0
Joe Root,2020,Odi,6,5,0,106,49,21.20,67.08,0,0.0
Joe Root,2021,Odi,3,2,2,147,79*,-,84.48,0,2.0
Joe Root,2022,Odi,6,5,0,98,86,19.60,92.45,0,1.0
Joe Root,2023,Odi,13,13,0,315,82,24.23,83.77,0,3.0
Joe Root,2025,Odi,14,14,1,806,166*,62.00,95.61,3,4.0
